[{"model": "bands.band", "pk": 1, "fields": {"name": "Polo\u010das n\u00e1padu", "created": "2019-02-08T08:05:51.296Z", "modified": "2019-02-08T08:05:51.296Z", "visibility": 2, "city": "Praha", "website": "https://polocas-napadu.cz", "logo": "bands/logo-normal-1.0.0.png"}}, {"model": "bands.band", "pk": 2, "fields": {"name": "K.I.N.O.", "created": "2019-02-08T08:07:30.815Z", "modified": "2019-02-08T17:54:15.695Z", "visibility": 2, "city": "Praha", "website": null, "logo": "bands/kino.png"}}, {"model": "bands.band", "pk": 3, "fields": {"name": "L\u00edsky", "created": "2019-04-14T21:22:25.175Z", "modified": "2019-04-14T21:22:25.175Z", "visibility": 2, "city": "Boskovice", "website": null, "logo": ""}}, {"model": "bands.band", "pk": 4, "fields": {"name": "R.A.C.I.", "created": "2019-04-14T22:40:24.279Z", "modified": "2019-04-14T22:40:24.279Z", "visibility": 2, "city": "Praha", "website": null, "logo": ""}}, {"model": "games.gamerules", "pk": 1, "fields": {"description": "Nebo taky Tis\u00edc zp\u016fsob\u016f jak. Hr\u00e1\u010di hledaj\u00ed r\u016fzn\u00e9 zp\u016fsoby, jak vykonat \u010dinnost, nap\u0159\u00edklad v\u00fdm\u011bna \u017e\u00e1rovky.", "name": "1000 zp\u016fsob\u016f jak", "created": "2019-02-08T07:32:00.012Z", "modified": "2019-02-08T07:32:00.012Z", "visibility": 2}}, {"model": "games.gamerules", "pk": 2, "fields": {"description": "Nebo taky \u010dty\u0159i, dva, jedna. Improviz\u00e1to\u0159i ztv\u00e1rn\u00ed p\u0159\u00edb\u011bh, kter\u00fd opakuj\u00ed se zmen\u0161en\u00fdm po\u010dtem herc\u016f, ale p\u0159i zachov\u00e1n\u00ed po\u010dtu postav.", "name": "4, 2, 1", "created": "2019-02-08T07:32:11.560Z", "modified": "2019-02-08T07:32:11.560Z", "visibility": 2}}, {"model": "games.gamerules", "pk": 3, "fields": {"description": "V kategorii Abeceda v\u00e1m 2 hr\u00e1\u010di zahraj\u00ed na Va\u0161e t\u00e9ma, ale tak, \u017ee jejich repliky mus\u00ed za\u010d\u00ednat p\u00edsmeny tak, jak jsou se\u0159azeny v abeced\u011b.", "name": "Abeceda", "created": "2019-02-08T07:32:18.426Z", "modified": "2019-02-08T07:32:18.426Z", "visibility": 2}}, {"model": "games.gamerules", "pk": 4, "fields": {"description": "V kategorii Barmansk\u00fd song se hr\u00e1\u010di vyzp\u00edvaj\u00ed ze zadan\u00fdch probl\u00e9m\u016f a barman jim p\u0159\u00edv\u011btiv\u011b t\u00e9\u017e p\u00edsn\u00ed porad\u00ed, jak tento probl\u00e9m \u0159e\u0161it.", "name": "Barman song", "created": "2019-02-08T07:32:26.921Z", "modified": "2019-02-08T07:32:26.921Z", "visibility": 2}}, {"model": "games.gamerules", "pk": 5, "fields": {"description": "Hr\u00e1\u010di zazp\u00edvaj\u00ed o rozchodu na motivy informac\u00ed od jednoho dobrovoln\u00edka.", "name": "Break-up song", "created": "2019-02-08T07:32:54.469Z", "modified": "2019-02-08T07:32:54.469Z", "visibility": 2}}, {"model": "games.gamerules", "pk": 6, "fields": {"description": "Na zadan\u00e9 t\u00e9ma div\u00e1k\u016f, kter\u00e9 m\u016f\u017ee b\u00fdt bu\u010f inspirac\u00ed nebo p\u0159\u00edmo n\u00e1zvem b\u00e1sn\u011b, hr\u00e1\u010di postupn\u011b chod\u00ed dop\u0159edu a ka\u017ed\u00fd p\u0159edn\u00e1\u0161\u00ed jeden ver\u0161. Ver\u0161e se r\u00fdmuj\u00ed ABAB.\r\n\r\nV p\u0159\u00edpad\u011b v\u00edce slok, hr\u00e1\u010di, kte\u0159\u00ed slo\u017eili 1. sloku opou\u0161t\u00ed hrac\u00ed prostor a vrac\u00ed se k ostatn\u00edm hr\u00e1\u010d\u016fm a kdokoliv z nich m\u016f\u017ee za\u010d\u00edt tvo\u0159it dal\u0161\u00ed sloku.", "name": "B\u00e1se\u0148 (cvi\u010den\u00ed)", "created": "2019-02-08T07:33:14.096Z", "modified": "2019-02-08T07:33:14.096Z", "visibility": 2}}, {"model": "games.gamerules", "pk": 7, "fields": {"description": "Usly\u0161\u00edte b\u00e1se\u0148, na kter\u00e9 se sami budete \u010d\u00e1ste\u010dn\u011b pod\u00edlet. Zn\u00e1m\u00e9 t\u00e9\u017e jako Valounsk\u00e1 ned\u011bln\u00ed.", "name": "B\u00e1se\u0148 od publika", "created": "2019-02-08T07:33:21.940Z", "modified": "2019-02-08T07:33:21.940Z", "visibility": 2}}, {"model": "games.gamerules", "pk": 8, "fields": {"description": "V kategorii Co t\u00edm chce\u0161 jako \u0159\u00edct uvid\u00edte spoustu nedorozum\u011bn\u00ed.", "name": "Co t\u00edm chce\u0161 jako \u0159\u00edct", "created": "2019-02-08T07:33:28.844Z", "modified": "2019-02-08T07:33:28.845Z", "visibility": 2}}, {"model": "games.gamerules", "pk": 9, "fields": {"description": "V kategorii Dabing ABC v\u00e1m 3 hr\u00e1\u010di zahraj\u00ed na Va\u0161e t\u00e9ma, ale tak, \u017ee za ka\u017ed\u00e9ho hr\u00e1\u010de mluv\u00ed jeho kolega.", "name": "Dabing ABC", "created": "2019-02-08T07:33:35.869Z", "modified": "2019-02-08T07:33:35.869Z", "visibility": 2}}, {"model": "games.gamerules", "pk": 10, "fields": {"description": "V kategorii Dabing filmu je prom\u00edt\u00e1na filmov\u00e1 uk\u00e1zka bez zvuku, kterou hr\u00e1\u010di p\u0159edt\u00edm nevid\u011bli a na\u017eivo ji p\u0159ed V\u00e1mi dabuj\u00ed.", "name": "Dabing filmu", "created": "2019-02-08T07:33:43.466Z", "modified": "2019-02-08T07:33:43.466Z", "visibility": 2}}, {"model": "games.gamerules", "pk": 11, "fields": {"description": "V kategorii Dabovan\u00e1 v\u00e1m hr\u00e1\u010di na sc\u00e9n\u011b zahraj\u00ed na va\u0161e t\u00e9ma, ale pouze pantomimou. Slova jim do \u00fast vkl\u00e1daj\u00ed dab\u00e9\u0159i, kte\u0159\u00ed jsou mimo sc\u00e9nu.", "name": "Dabovan\u00e1", "created": "2019-02-08T07:33:52.100Z", "modified": "2019-02-08T07:33:52.100Z", "visibility": 2}}, {"model": "games.gamerules", "pk": 12, "fields": {"description": "Hr\u00e1\u010di v\u00e1m p\u0159edvedou prezentaci s diapozitivy na dan\u00e9 t\u00e9ma.", "name": "Diapozitivy", "created": "2019-02-08T07:33:59.661Z", "modified": "2019-02-08T07:33:59.661Z", "visibility": 2}}, {"model": "games.gamerules", "pk": 13, "fields": {"description": "Divadlo poezie poetick\u00fdm zp\u016fsobem ztv\u00e1rn\u00ed va\u0161e t\u00e9ma.", "name": "Divadlo poezie", "created": "2019-02-08T07:34:06.486Z", "modified": "2019-02-08T07:34:06.487Z", "visibility": 2}}, {"model": "games.gamerules", "pk": 14, "fields": {"description": "Dva hr\u00e1\u010di na st\u0159\u00edda\u010dku p\u0159e\u010dtou Dopis, dle kter\u00e9ho je n\u00e1sledn\u011b sehr\u00e1na cel\u00e1 sc\u00e9na.", "name": "Dopis", "created": "2019-02-08T07:34:15.471Z", "modified": "2019-02-08T07:34:15.471Z", "visibility": 2}}, {"model": "games.gamerules", "pk": 15, "fields": {"description": "V t\u00e9to kategorii se pod\u00edv\u00e1me na p\u0159\u00edb\u011bh n\u011bkolikr\u00e1t a zaj\u00edmav\u00e9 \u010d\u00e1sti si p\u0159eto\u010d\u00edme dop\u0159edu nebo zp\u00e1tky.", "name": "Dop\u0159edu, dozadu", "created": "2019-02-08T07:34:27.028Z", "modified": "2019-02-08T07:34:27.028Z", "visibility": 2}}, {"model": "games.gamerules", "pk": 16, "fields": {"description": "V duetech spolu ka\u017ed\u00e1 dvojice zahraje kr\u00e1tkou sc\u00e9nku na dan\u00e9 t\u00e9ma. Ukon\u010duje se pohledem do div\u00e1k\u016f.", "name": "Duet", "created": "2019-02-08T07:34:39.894Z", "modified": "2019-02-08T07:34:39.894Z", "visibility": 2}}, {"model": "games.gamerules", "pk": 17, "fields": {"description": "V kategorii Du\u00e1l hr\u00e1\u010di hraj\u00ed volnou improvizaci ve dvou jazyc\u00edch, mezi kter\u00fdmi p\u0159ep\u00ednaj\u00ed div\u00e1ci.", "name": "Du\u00e1l", "created": "2019-02-08T07:34:48.693Z", "modified": "2019-02-08T07:34:48.693Z", "visibility": 2}}, {"model": "games.gamerules", "pk": 18, "fields": {"description": "V kategorii Dva na p\u011bt dva hr\u00e1\u010di ztv\u00e1rn\u00ed alespo\u0148 sedm postav.", "name": "Dva na p\u011bt", "created": "2019-02-08T07:34:56.157Z", "modified": "2019-02-08T07:34:56.157Z", "visibility": 2}}, {"model": "games.gamerules", "pk": 19, "fields": {"description": "Div\u00e1ci si ze dvou za\u010d\u00e1tk\u016f p\u0159\u00edb\u011bhu vyberou, kter\u00fd cht\u011bj\u00ed sly\u0161et.", "name": "Dva za\u010d\u00e1tky", "created": "2019-02-08T07:35:04.641Z", "modified": "2019-02-08T07:35:04.641Z", "visibility": 2}}, {"model": "games.gamerules", "pk": 20, "fields": {"description": "P\u0159\u00edb\u011bh za\u010dnou hr\u00e1t hr\u00e1\u010di pouze jednoho t\u00fdmu, jsou pak p\u0159esn\u011b vyst\u0159\u00edd\u00e1ni t\u00fdmem druh\u00fdm", "name": "Dvojit\u00e1 st\u00edha\u010dka", "created": "2019-02-08T07:35:11.802Z", "modified": "2019-02-08T07:35:11.802Z", "visibility": 2}}, {"model": "games.gamerules", "pk": 21, "fields": {"description": "Hr\u00e1\u010di maj\u00ed jen dv\u011b repliky na to, aby vyj\u00e1d\u0159ili v\u0161e, co cht\u011bj\u00ed \u0159\u00edci.", "name": "Dv\u011b repliky", "created": "2019-02-08T07:35:20.474Z", "modified": "2019-02-08T07:35:20.474Z", "visibility": 2}}, {"model": "games.gamerules", "pk": 22, "fields": {"description": "V kategorii D\u016fm a Zahrada v\u00e1m hr\u00e1\u010di zahraj\u00ed improvizaci v dvou t\u011bsn\u011b soused\u00edc\u00edch prost\u0159ed\u00edch.", "name": "D\u016fm a zahrada", "created": "2019-02-08T07:35:27.496Z", "modified": "2019-02-08T07:35:27.496Z", "visibility": 2}}, {"model": "games.gamerules", "pk": 23, "fields": {"description": "Hr\u00e1\u010di V\u00e1m p\u0159ednesou p\u0159\u00edb\u011bh, budou v\u0161ak zachov\u00e1vat naprosto strnul\u00e9 tv\u00e1\u0159e.", "name": "En face", "created": "2019-02-08T07:35:33.713Z", "modified": "2019-02-08T07:35:33.713Z", "visibility": 2}}, {"model": "games.gamerules", "pk": 24, "fields": {"description": "Hr\u00e1\u010di sehraj\u00ed p\u0159\u00edb\u011bh ze \u017eivota inspirovan\u00fd Facebookov\u00fdm statusem n\u011bkter\u00e9ho div\u00e1ka.", "name": "Facebookov\u00fd status", "created": "2019-02-08T07:35:43.084Z", "modified": "2019-02-08T07:35:43.084Z", "visibility": 2}}, {"model": "games.gamerules", "pk": 25, "fields": {"description": "Hr\u00e1\u010di v t\u00e9to kategorii p\u0159edvedou kr\u00e1tk\u00e9 sc\u00e9nky podle zvolen\u00e9ho \u017e\u00e1nru.", "name": "Filmov\u00e9 \u017e\u00e1nry", "created": "2019-02-08T07:35:50.455Z", "modified": "2019-02-08T07:35:50.455Z", "visibility": 2}}, {"model": "games.gamerules", "pk": 26, "fields": {"description": "Modifikace zn\u00e1m\u00e9 poh\u00e1dky od div\u00e1k\u016f pomoc\u00ed handicap\u016f.", "name": "Handicapovan\u00e1 poh\u00e1dka", "created": "2019-02-08T07:35:57.887Z", "modified": "2019-02-08T07:35:57.887Z", "visibility": 2}}, {"model": "games.gamerules", "pk": 27, "fields": {"description": "Ka\u017ed\u00e9 slovo m\u016f\u017ee z\u00edskat zcela nov\u00fd v\u00fdznam, jestli v\u00edte, co t\u00edm mysl\u00edm.", "name": "Jestli v\u00ed\u0161, co t\u00edm mysl\u00edm", "created": "2019-02-08T07:36:06.216Z", "modified": "2019-02-08T07:36:06.216Z", "visibility": 2}}, {"model": "games.gamerules", "pk": 28, "fields": {"description": "V kategorii Kam zmizel ten star\u00fd song moder\u00e1tor s hostem vzpom\u00ednaj\u00ed na p\u00edsni\u010dky, kter\u00e9 hosta formovaly.", "name": "Kam zmizel ten star\u00fd song", "created": "2019-02-08T07:36:40.719Z", "modified": "2019-02-08T07:36:40.719Z", "visibility": 2}}, {"model": "games.gamerules", "pk": 29, "fields": {"description": "P\u0159ep\u00edn\u00e1n\u00ed mezi ak\u010dn\u00edm a v\u0161edn\u00edm \u017eivotem", "name": "Kaskad\u00e9\u0159i", "created": "2019-02-08T07:36:46.876Z", "modified": "2019-02-08T07:36:46.876Z", "visibility": 2}}, {"model": "games.gamerules", "pk": 30, "fields": {"description": "Hr\u00e1\u010di v\u00e1m uk\u00e1\u017e\u00ed a p\u0159e\u010dtou Komiksov\u00fd strip.", "name": "Komiks", "created": "2019-02-08T07:36:53.125Z", "modified": "2019-02-08T07:36:53.125Z", "visibility": 2}}, {"model": "games.gamerules", "pk": 31, "fields": {"description": "Kram\u00e1\u0159sk\u00e1 p\u00edse\u0148 slou\u017eila p\u0159edk\u016fm jako bulv\u00e1rn\u00ed zdroj informac\u00ed.", "name": "Kram\u00e1\u0159sk\u00e1 p\u00edse\u0148", "created": "2019-02-08T07:37:00.021Z", "modified": "2019-02-08T07:37:00.021Z", "visibility": 2}}, {"model": "games.gamerules", "pk": 32, "fields": {"description": "\u010cty\u0159i hr\u00e1\u010di zahraj\u00ed kr\u00e1tkou improvizaci na zadan\u00e9 t\u00e9ma a zakon\u010d\u00ed ji spole\u010dn\u00fdm pohledem do publika.", "name": "Kvartet", "created": "2019-02-08T07:37:07.936Z", "modified": "2019-02-08T07:37:07.936Z", "visibility": 2}}, {"model": "games.gamerules", "pk": 33, "fields": {"description": "V kategorii Loutky uvid\u00edte kr\u00e1tk\u00e9 loutkov\u00e9 p\u0159edstaven\u00ed.", "name": "Loutky", "created": "2019-02-08T07:37:16.454Z", "modified": "2019-02-08T07:37:16.454Z", "visibility": 2}}, {"model": "games.gamerules", "pk": 34, "fields": {"description": "V kategorii Love song je dobrovoln\u00edkovi z publika na m\u00edst\u011b slo\u017eena a zazp\u00edv\u00e1na zamilovan\u00e1 p\u00edse\u0148. Kategorie je porovn\u00e1vac\u00ed.", "name": "Love song", "created": "2019-02-08T07:37:23.125Z", "modified": "2019-02-08T07:37:23.125Z", "visibility": 2}}, {"model": "games.gamerules", "pk": 35, "fields": {"description": "Hr\u00e1\u010di spojuj\u00ed podobnosti dvou r\u016fzn\u00fdch p\u0159edm\u011bt\u016f nebo \u010dinnost\u00ed - vyv\u00e1\u0159ej\u00ed metafory. Zad\u00e1n\u00ed m\u016f\u017ee b\u00fdt \"D\u011bti jsou jako \u0159idi\u010d\u00e1k\".", "name": "Metafory", "created": "2019-02-08T07:37:29.315Z", "modified": "2019-02-08T07:37:29.315Z", "visibility": 2}}, {"model": "games.gamerules", "pk": 36, "fields": {"description": "V kategorii Mikrofon hr\u00e1\u010di rozehraj\u00ed improvizaci a na div\u00e1ck\u00fd pokyn, vyk\u0159iknut\u00ed slova \"Mikrofon!\" ten kter\u00fd jako posledn\u00ed promluvil zazp\u00edv\u00e1 p\u00edsni\u010dku, ve kter\u00e9 p\u0159edstav\u00ed sv\u00e9 vnit\u0159n\u00ed touhy, bolesti a z\u00e1m\u011bry.", "name": "Mikrofon", "created": "2019-02-08T07:37:34.515Z", "modified": "2019-02-08T07:37:34.515Z", "visibility": 2}}, {"model": "games.gamerules", "pk": 37, "fields": {"description": "V kategorii Monolog hr\u00e1\u010di rozehraj\u00ed improvizaci a na V\u00e1\u0161 pokyn, vyk\u0159iknut\u00ed slova \"Monolog!\" V\u00e1m jeden z nich v monologu p\u0159edstav\u00ed sv\u00e9 vnit\u0159n\u00ed pocity.", "name": "Monolog", "created": "2019-02-08T07:37:39.837Z", "modified": "2019-02-08T07:37:39.837Z", "visibility": 2}}, {"model": "games.gamerules", "pk": 38, "fields": {"description": "Muzik\u00e1l je improviza\u010dn\u00ed kategorie zalo\u017eena na p\u0159\u00edb\u011bhu (pro lep\u0161\u00ed p\u0159ehlednost zpravidla jednoho hlavn\u00edho hrdiny) do kter\u00e9ho jsou vkl\u00e1d\u00e1ny p\u00edsn\u011b, kter\u00e9 posunuj\u00ed d\u011bj vp\u0159ed. D\u016fle\u017eit\u00e1 a hojn\u011b opom\u00edjena je slo\u017eka tane\u010dn\u00ed, choreografick\u00e1. Nen\u00ed ov\u0161em nutn\u00e9 st\u00e1le jen zp\u00edvat (narozd\u00edl od kategorie opera) v muzik\u00e1lu jsou stejn\u011b nutn\u00e9 i dialogy.", "name": "Muzik\u00e1l", "created": "2019-02-08T07:37:46.079Z", "modified": "2019-02-08T07:37:46.079Z", "visibility": 2}}, {"model": "games.gamerules", "pk": 39, "fields": {"description": "V kategorii N\u00e1tlak m\u00e1 jeden hr\u00e1\u010d za \u00fakol dotla\u010dit druh\u00e9ho k proveden\u00ed \u00fakolu.", "name": "N\u00e1tlak (kategorie)", "created": "2019-02-08T07:37:53.127Z", "modified": "2019-02-08T07:37:53.127Z", "visibility": 2}}, {"model": "games.gamerules", "pk": 40, "fields": {"description": "Kategorie, ve kter\u00e9 herci ztv\u00e1rn\u00ed postavy vybran\u00fdch div\u00e1k\u016f.", "name": "Ob\u010danky", "created": "2019-02-08T07:37:59.207Z", "modified": "2019-02-08T07:37:59.207Z", "visibility": 2}}, {"model": "games.gamerules", "pk": 41, "fields": {"description": "V kategorii Opileck\u00e1 p\u00edse\u0148 se hr\u00e1\u010di vc\u00edt\u00ed do opilosti a zazp\u00edvaj\u00ed v\u00e1m na va\u0161e t\u00e9ma p\u00edse\u0148 jako by byli v hospod\u011b nebo p\u0159i no\u010dn\u00edm n\u00e1vratu z hospody dom\u016f.", "name": "Opileck\u00e1 p\u00edse\u0148", "created": "2019-02-08T07:38:05.029Z", "modified": "2019-02-08T07:38:05.029Z", "visibility": 2}}, {"model": "games.gamerules", "pk": 42, "fields": {"description": "V kategorie Oprskl\u00e1 jsou hr\u00e1\u010di opravdu p\u0159ekvapeni ka\u017edou informac\u00ed, kterou se dozv\u00ed.", "name": "Oprskl\u00e1", "created": "2019-02-08T07:38:10.654Z", "modified": "2019-02-08T07:38:10.654Z", "visibility": 2}}, {"model": "games.gamerules", "pk": 43, "fields": {"description": "V t\u00e9to kategorii se z hr\u00e1\u010d\u016f st\u00e1v\u00e1 m\u00fdtick\u00e9 v\u0161eznal\u00e9 stvo\u0159en\u00ed, kter\u00e9ho se div\u00e1ci ptaj\u00ed na z\u00e1ludn\u00e9 ot\u00e1zky.", "name": "Or\u00e1kulum", "created": "2019-02-08T07:38:40.745Z", "modified": "2019-02-08T07:38:40.745Z", "visibility": 2}}, {"model": "games.gamerules", "pk": 44, "fields": {"description": "V kategorii Poetick\u00e1 sm\u00ed hr\u00e1\u010di mluvit pouze ver\u0161ovan\u011b.", "name": "Poetick\u00e1", "created": "2019-02-08T07:38:46.384Z", "modified": "2019-02-08T07:38:46.384Z", "visibility": 2}}, {"model": "games.gamerules", "pk": 45, "fields": {"description": "V Polovin\u011b \u010dasu hr\u00e1\u010di zahraj\u00ed kr\u00e1tk\u00fd p\u0159\u00edb\u011bh, kter\u00fd n\u00e1sledn\u011b zahraj\u00ed rychleji - za polovinu \u010dasu , n\u00e1sledn\u011b je\u0161t\u011b rychleji\u2026", "name": "Polovina \u010dasu", "created": "2019-02-08T07:38:52.670Z", "modified": "2019-02-08T07:38:52.670Z", "visibility": 2}}, {"model": "games.gamerules", "pk": 46, "fields": {"description": "Ka\u017ed\u00e1 dvojice sehraje sc\u00e9nku ve sv\u00e9m prost\u0159ed\u00ed, MC mezi prost\u0159ed\u00edmi/dvojicemi p\u0159ep\u00edn\u00e1.", "name": "Posledn\u00ed v\u011bta", "created": "2019-02-08T07:38:58.432Z", "modified": "2019-02-08T07:38:58.432Z", "visibility": 2}}, {"model": "games.gamerules", "pk": 47, "fields": {"description": "V kategorii Po\u010det slov zn\u00e1m\u00e9 t\u00e9\u017e jako 7 slov \u010di 1, 3, 5, 7' hr\u00e1\u010di budou p\u0159esn\u011b dodr\u017eovat po\u010det slov ve v\u011bt\u011b.", "name": "Po\u010det slov", "created": "2019-02-08T07:39:07.844Z", "modified": "2019-02-08T07:39:07.844Z", "visibility": 2}}, {"model": "games.gamerules", "pk": 48, "fields": {"description": "V kategorii Prskavka m\u00e1 ka\u017ed\u00fd hr\u00e1\u010d s\u00f3lov\u00fd v\u00fdstup na 30 vte\u0159in a co nejl\u00e9pe ztv\u00e1r\u0148uje Va\u0161e jednoslovn\u00e9 t\u00e9ma.", "name": "Prskavka", "created": "2019-02-08T07:39:15.638Z", "modified": "2019-02-08T07:39:15.638Z", "visibility": 2}}, {"model": "games.gamerules", "pk": 49, "fields": {"description": "V kategorii Prskavka ala \u0161anson V\u00e1m hr\u00e1\u010di zazp\u00edvaj\u00ed o sv\u00e9m siln\u00e9m vztahu k p\u0159edm\u011bt\u016fm, kter\u00e9 n\u00e1m te\u010f zap\u016fj\u010d\u00edte.", "name": "Prskavka ala \u0161anson", "created": "2019-02-08T07:39:21.569Z", "modified": "2019-02-08T07:39:21.569Z", "visibility": 2}}, {"model": "games.gamerules", "pk": 50, "fields": {"description": "V pyramid\u011b se hraje serie p\u0159\u00edb\u011bh\u016f s nar\u016fstaj\u00edc\u00edm po\u010dtem hr\u00e1\u010d\u016f, poka\u017ed\u00e9 v nov\u00e9m prost\u0159ed\u00ed. N\u00e1sledn\u011b se za\u010dne po\u010det hr\u00e1\u010d\u016f sni\u017eovat a prost\u0159ed\u00ed se vrac\u00ed.", "name": "Pyramida", "created": "2019-02-08T07:39:31.735Z", "modified": "2019-02-08T07:39:31.735Z", "visibility": 2}}, {"model": "games.gamerules", "pk": 51, "fields": {"description": "Diskuze s expertem je p\u0159ekl\u00e1d\u00e1na do znakov\u00e9 \u0159e\u010di.", "name": "P\u0159eklad do znakov\u00e9 \u0159e\u010di", "created": "2019-02-08T07:39:38.716Z", "modified": "2019-02-08T07:39:38.716Z", "visibility": 2}}, {"model": "games.gamerules", "pk": 52, "fields": {"description": "Napojen\u00ed improviz\u00e1to\u0159i vypr\u00e1v\u00ed p\u0159\u00edb\u011bh po slovech.", "name": "P\u0159\u00edb\u011bh po slovech", "created": "2019-02-08T07:39:48.161Z", "modified": "2019-02-08T07:39:48.161Z", "visibility": 2}}, {"model": "games.gamerules", "pk": 53, "fields": {"description": "Uvid\u00edte reklamaci o\u010dima servisn\u00edho technika.", "name": "Reklamace", "created": "2019-02-08T07:39:54.998Z", "modified": "2019-02-08T07:39:54.998Z", "visibility": 2}}, {"model": "games.gamerules", "pk": 54, "fields": {"description": "V kategorii Re\u017eis\u00e9\u0159i t\u00e9\u017e zn\u00e1m\u00e9 jako Super scene n\u011bkolik hr\u00e1\u010d\u016f v roli re\u017eis\u00e9ra p\u0159edstav\u00ed div\u00e1k\u016fm sv\u00e9 filmy. Div\u00e1ci maj\u00ed pot\u00e9 mo\u017enost rozhodovat o tom, kter\u00fd film cht\u011bj\u00ed vid\u011bt. vyberte si, kter\u00fd chcete vid\u011bt.", "name": "Re\u017eis\u00e9\u0159i", "created": "2019-02-08T07:40:04.851Z", "modified": "2019-02-08T07:40:04.851Z", "visibility": 2}}, {"model": "games.gamerules", "pk": 55, "fields": {"description": "V kategorii Rozhlasov\u00e1 hra od hr\u00e1\u010d\u016f usly\u0161\u00edte \u010d\u00e1st drama, tak jak byste jej mohli sly\u0161et z r\u00e1dia.", "name": "Rozhlasov\u00e1 hra", "created": "2019-02-08T07:40:12.505Z", "modified": "2019-02-08T07:40:12.505Z", "visibility": 2}}, {"model": "games.gamerules", "pk": 56, "fields": {"description": "V kategorii Ruce se experti budou sna\u017eit p\u0159ij\u00edt na to, co vlastn\u011b vynalezli.", "name": "Ruce", "created": "2019-02-08T07:40:18.487Z", "modified": "2019-02-08T07:40:18.487Z", "visibility": 2}}, {"model": "games.gamerules", "pk": 57, "fields": {"description": "V kategorii Ryba (ve \u010dty\u0159ech) v\u00e1m 4 hr\u00e1\u010di zahraj\u00ed situaci, na jej\u00edm\u017e konci budou v\u0161ichni mrtv\u00ed.", "name": "Ryba (ve \u010dty\u0159ech)", "created": "2019-02-08T07:40:23.549Z", "modified": "2019-02-08T07:40:23.549Z", "visibility": 2}}, {"model": "games.gamerules", "pk": 58, "fields": {"description": "V kategorii S rekvizitou v\u00e1m 2 hr\u00e1\u010di p\u0159edvedou, kolika r\u016fzn\u00fdmi zp\u016fsoby se d\u00e1 dan\u00e1 rekvizita pou\u017e\u00edt jako p\u0159edm\u011bt.", "name": "S rekvizitou", "created": "2019-02-08T07:40:29.878Z", "modified": "2019-02-08T07:40:29.878Z", "visibility": 2}}, {"model": "games.gamerules", "pk": 59, "fields": {"description": "Ve Schizofrenie jsou dv\u011b postavy ztv\u00e1rn\u011bn\u00e9 ka\u017ed\u00e1 dv\u011bma hr\u00e1\u010di, ka\u017ed\u00e1 postava m\u00e1 dv\u011b tv\u00e1\u0159e/charaktery.", "name": "Schizofrenie", "created": "2019-02-08T07:40:38.141Z", "modified": "2019-02-08T07:40:38.141Z", "visibility": 2}}, {"model": "games.gamerules", "pk": 60, "fields": {"description": "V prost\u0159ed\u00ed sci-fi, v\u011bdeckofantastick\u00fdch film\u016f a knih se odehr\u00e1v\u00e1 kategorie Sci-fi", "name": "Sci-fi", "created": "2019-02-08T07:40:47.462Z", "modified": "2019-02-08T07:40:47.462Z", "visibility": 2}}, {"model": "games.gamerules", "pk": 61, "fields": {"description": "V t\u00e9to kategorii v\u00e1m hr\u00e1\u010di sehraj\u00ed p\u0159\u00edb\u011bh, kter\u00fd bude \u010d\u00e1ste\u010dn\u011b shodn\u00fd s n\u011bkter\u00fdm zn\u00e1m\u00fdm d\u00edlem.", "name": "Sc\u00e9n\u00e1\u0159 / Souboj s knihou", "created": "2019-02-08T07:40:58.975Z", "modified": "2019-02-08T07:40:58.975Z", "visibility": 2}}, {"model": "games.gamerules", "pk": 62, "fields": {"description": "Uvid\u00edme prav\u00e9 a hutn\u00e9 drama jak od Shakespeara, ale cel\u00e9 pozp\u00e1tku.", "name": "Shakespeare pozp\u00e1tku", "created": "2019-02-08T07:41:04.603Z", "modified": "2019-02-08T07:41:04.603Z", "visibility": 2}}, {"model": "games.gamerules", "pk": 63, "fields": {"description": "V kategorii Smrt v 1 minut\u011b jeden ze dvou hr\u00e1\u010d\u016f zem\u0159e.", "name": "Smrt v 1 minut\u011b", "created": "2019-02-08T07:41:10.914Z", "modified": "2019-02-08T07:41:10.914Z", "visibility": 2}}, {"model": "games.gamerules", "pk": 64, "fields": {"description": "V kategorii Spoon river usly\u0161\u00edte p\u0159\u00edb\u011bh n\u011bkolika postav, kter\u00e9 zd\u00e1nliv\u011b nemaj\u00ed nic spole\u010dn\u00e9ho.", "name": "Spoon river", "created": "2019-02-08T07:41:17.456Z", "modified": "2019-02-08T07:41:17.456Z", "visibility": 2}}, {"model": "games.gamerules", "pk": 65, "fields": {"description": "V kategorii Sportovn\u00ed koment\u00e1tor uvid\u00edte n\u00e1v\u0161t\u011bvu vrcholov\u00e9ho sportovce v televizn\u00edm studiu s p\u0159ekladem do znakov\u00e9 \u0159e\u010di.", "name": "Sportovn\u00ed koment\u00e1tor", "created": "2019-02-08T07:41:25.587Z", "modified": "2019-02-08T07:41:25.587Z", "visibility": 2}}, {"model": "games.gamerules", "pk": 66, "fields": {"description": "H\u00e1d\u00e1n\u00ed statusu.", "name": "Statusy", "created": "2019-02-08T07:41:43.534Z", "modified": "2019-02-08T07:41:43.534Z", "visibility": 2}}, {"model": "games.gamerules", "pk": 67, "fields": {"description": "V Kategorii stoj\u00ed, le\u017e\u00ed, sed\u00ed hraj\u00ed 3 hr\u00e1\u010di a v\u017edy mus\u00ed jeden z hr\u00e1\u010d\u016f st\u00e1t, jeden sed\u011bt a posledn\u00ed le\u017eet.", "name": "Stoj\u00ed, le\u017e\u00ed, sed\u00ed", "created": "2019-02-08T07:41:51.332Z", "modified": "2019-02-08T07:41:51.332Z", "visibility": 2}}, {"model": "games.gamerules", "pk": 68, "fields": {"description": "V kategorii St\u00edha\u010dka pro V\u00e1s hr\u00e1\u010di jednoho t\u00fdmu vytvo\u0159\u00ed p\u0159\u00edb\u011bh a hr\u00e1\u010di druh\u00e9ho t\u00fdmu ur\u010d\u00ed, jak dopadne.", "name": "St\u00edha\u010dka", "created": "2019-02-08T07:41:57.491Z", "modified": "2019-02-08T07:41:57.491Z", "visibility": 2}}, {"model": "games.gamerules", "pk": 69, "fields": {"description": "V kategorii Tam a zp\u011bt hr\u00e1\u010di sehraj\u00ed p\u0159\u00edb\u011bh, na sc\u00e9nu mus\u00ed p\u0159ij\u00edt \u010di odej\u00edt pouze ve chv\u00edli, kdy padne jejich kl\u00ed\u010dov\u00e9 slovo.", "name": "Tam a zp\u011bt", "created": "2019-02-08T07:42:10.754Z", "modified": "2019-02-08T07:42:10.754Z", "visibility": 2}}, {"model": "games.gamerules", "pk": 70, "fields": {"description": "V kategorii Televizn\u00ed koment\u00e1tor uvid\u00edte n\u00e1hled dvou televizn\u00edch studi\u00ed na r\u016fzn\u00e1 t\u00e9mata.", "name": "Televizn\u00ed koment\u00e1tor", "created": "2019-02-08T07:42:19.322Z", "modified": "2019-02-08T07:42:19.322Z", "visibility": 2}}, {"model": "games.gamerules", "pk": 71, "fields": {"description": "Hr\u00e1\u010di vyskakuj\u00ed jako topinky z topinkova\u010de a pokra\u010duj\u00ed v epick\u00e9m p\u0159\u00edb\u011bhu ze zadan\u00e9ho prost\u0159ed\u00ed.", "name": "Toaster", "created": "2019-02-08T07:42:24.975Z", "modified": "2019-02-08T07:42:24.975Z", "visibility": 2}}, {"model": "games.gamerules", "pk": 72, "fields": {"description": "Dva t\u00fdmy se st\u0159\u00eddaj\u00ed v hran\u00ed jednoho p\u0159\u00edb\u011bhu.", "name": "Trojit\u00e1 st\u00edha\u010dka", "created": "2019-02-08T07:42:32.179Z", "modified": "2019-02-08T07:42:32.179Z", "visibility": 2}}, {"model": "games.gamerules", "pk": 73, "fields": {"description": "Ka\u017ed\u00e1 skupinka stoj\u00edc\u00edch hr\u00e1\u010d\u016f m\u00e1 sv\u016fj p\u0159\u00edb\u011bh.", "name": "T\u0159i \u017eidle", "created": "2019-02-08T07:42:38.741Z", "modified": "2019-02-08T07:42:38.741Z", "visibility": 2}}, {"model": "games.gamerules", "pk": 74, "fields": {"description": "V t\u00e9to tak\u0159ka nehran\u00e9 kategorii hr\u00e1\u010di zazp\u00edvaj\u00ed p\u00edse\u0148 po jednom slov\u011b.", "name": "T\u0159\u00edhlav\u00fd song", "created": "2019-02-08T07:42:45.311Z", "modified": "2019-02-08T07:42:45.311Z", "visibility": 2}}, {"model": "games.gamerules", "pk": 75, "fields": {"description": "V kategorii Vnit\u0159n\u00ed hlasy v\u00e1m 2 hr\u00e1\u010di zahraj\u00ed situaci na Va\u0161e t\u00e9ma a dal\u0161\u00ed dva hr\u00e1\u010di v\u00e1m \u0159eknou, co si ti dva p\u0159i tom mysl\u00ed.", "name": "Vnit\u0159n\u00ed hlasy", "created": "2019-02-08T07:42:52.071Z", "modified": "2019-02-08T07:42:52.071Z", "visibility": 2}}, {"model": "games.gamerules", "pk": 76, "fields": {"description": "V kategorii voln\u00e1 hr\u00e1\u010di odehraj\u00ed kr\u00e1tk\u00fd p\u0159\u00edb\u011bh.", "name": "Voln\u00e1", "created": "2019-02-08T07:42:57.880Z", "modified": "2019-02-08T07:42:57.880Z", "visibility": 2}}, {"model": "games.gamerules", "pk": 77, "fields": {"description": "Hr\u00e1\u010di v\u00e1m po jednom slov\u011b \u0159eknou zbrusu nov\u00fd vtip.", "name": "Vtip", "created": "2019-02-08T07:43:03.685Z", "modified": "2019-02-08T07:43:03.685Z", "visibility": 2}}, {"model": "games.gamerules", "pk": 78, "fields": {"description": "V kategorii Vypr\u00e1v\u011bn\u00e1 se jeden z hr\u00e1\u010d\u016f st\u00e1v\u00e1 vyprav\u011b\u010dem a ostatn\u00ed hr\u00e1\u010di hraj\u00ed voln\u011b na podn\u011bty od vyprav\u011b\u010de.", "name": "Vypr\u00e1v\u011bn\u00e1", "created": "2019-02-08T07:43:12.173Z", "modified": "2019-02-08T07:43:12.173Z", "visibility": 2}}, {"model": "games.gamerules", "pk": 79, "fields": {"description": "Div\u00e1ci si p\u0159ipomenou, jak mohl vypadat poslech r\u00e1dia.", "name": "Vys\u00edl\u00e1n\u00ed FM", "created": "2019-02-08T07:43:20.801Z", "modified": "2019-02-08T07:43:20.801Z", "visibility": 2}}, {"model": "games.gamerules", "pk": 80, "fields": {"description": "V kategorii V\u011bty z kapsy v\u00e1m hr\u00e1\u010di zahraj\u00ed na Va\u0161e t\u00e9ma a p\u0159itom pou\u017eij\u00ed v\u011bty, kter\u00e9 jste jim napsali na pap\u00edrky.", "name": "V\u011bty z kapsy", "created": "2019-02-08T07:43:29.334Z", "modified": "2019-02-08T07:43:29.334Z", "visibility": 2}}, {"model": "games.gamerules", "pk": 81, "fields": {"description": "Hr\u00e1\u010di \u0159\u00edkaj\u00ed v\u011bty, kter\u00e9 by v ur\u010dit\u00fdch situac\u00edch nebo na ur\u010dit\u00fdch m\u00edstech nem\u011bly zazn\u00edt.", "name": "V\u011bty, kter\u00e9 by nem\u011bly zazn\u00edt", "created": "2019-02-08T07:43:35.348Z", "modified": "2019-02-08T07:43:35.348Z", "visibility": 2}}, {"model": "games.gamerules", "pk": 82, "fields": {"description": "V prost\u0159ed\u00ed divok\u00e9ho z\u00e1padu, Ameriky konce p\u0159edminul\u00e9ho stolet\u00ed, se odehr\u00e1v\u00e1 kategorie Western", "name": "Western", "created": "2019-02-08T07:43:42.279Z", "modified": "2019-02-08T07:43:42.279Z", "visibility": 2}}, {"model": "games.gamerules", "pk": 83, "fields": {"description": "Vid\u011bli jste n\u011bkdy chobotnici vypr\u00e1v\u011bt p\u0159\u00edb\u011bh?", "name": "Zem\u0159i", "created": "2019-02-08T07:43:49.412Z", "modified": "2019-02-08T07:43:49.412Z", "visibility": 2}}, {"model": "games.gamerules", "pk": 84, "fields": {"description": "V kategorii Zm\u011bna, ob\u010das naz\u00fdvan\u00e9 Jinak hraj\u00ed hr\u00e1\u010di volnou improvizaci na t\u00e9ma, ale \u010dasto se v n\u00ed m\u011bn\u00ed repliky a pohyby na povel MC.", "name": "Zm\u011bna", "created": "2019-02-08T07:43:55.754Z", "modified": "2019-02-08T07:43:55.754Z", "visibility": 2}}, {"model": "games.gamerules", "pk": 85, "fields": {"description": "V kategorii Zp\u00edvan\u00e1 v\u00e1m hr\u00e1\u010di dohromady zazp\u00edvaj\u00ed p\u00edsni\u010dku na Va\u0161e t\u00e9ma.", "name": "Zp\u00edvan\u00e1", "created": "2019-02-08T07:44:05.392Z", "modified": "2019-02-08T07:44:05.392Z", "visibility": 2}}, {"model": "games.gamerules", "pk": 86, "fields": {"description": "V kategorii Zvuky v\u00e1m hr\u00e1\u010di zahraj\u00ed situaci, kterou dotvo\u0159\u00ed vybran\u00ed div\u00e1ci sv\u00fdmi zvuky.", "name": "Zvuky", "created": "2019-02-08T07:44:11.745Z", "modified": "2019-02-08T07:44:11.745Z", "visibility": 2}}, {"model": "games.gamerules", "pk": 87, "fields": {"description": "V kategorii \u010cerven\u00e1 knihovna v\u00e1m hr\u00e1\u010di zahraj\u00ed p\u0159\u00edb\u011bh pln\u00fd kli\u0161\u00e9 z romantick\u00e9 literatury.", "name": "\u010cerven\u00e1 knihovna", "created": "2019-02-08T07:44:17.994Z", "modified": "2019-02-08T07:44:17.994Z", "visibility": 2}}, {"model": "games.gamerules", "pk": 88, "fields": {"description": "Ve \u010ctverci dva hr\u00e1\u010di na ka\u017ed\u00e9 stran\u011b \u010dtverce dostanou jedno prost\u0159ed\u00ed, na kter\u00e9 pak hraj\u00ed, kdy\u017e je jejich strana nato\u010den\u00e1 k div\u00e1k\u016fm.", "name": "\u010ctverec", "created": "2019-02-08T07:44:25.146Z", "modified": "2019-02-08T07:44:25.146Z", "visibility": 2}}, {"model": "games.gamerules", "pk": 89, "fields": {"description": "V kategorii \u0160umlovan\u00e1 hr\u00e1\u010di improvizuj\u00ed v jazyce gibberish.", "name": "\u0160umlovan\u00e1", "created": "2019-02-08T07:44:31.325Z", "modified": "2019-02-08T07:44:31.325Z", "visibility": 2}}, {"model": "games.gamerules", "pk": 90, "fields": {"description": "V t\u00e9to kategorii hr\u00e1\u010di improvizuj\u00ed v jazyce gibberish a maj\u00ed k dispozici p\u0159ekladatele.", "name": "\u0160umlovan\u00e1 se simult\u00e1nn\u00edm p\u0159ekladem", "created": "2019-02-08T07:44:39.060Z", "modified": "2019-02-08T07:44:39.060Z", "visibility": 2}}, {"model": "games.gamerules", "pk": 91, "fields": {"description": "V kategorii \u017deny vs Mu\u017ei uvid\u00edte dva podobn\u00e9 p\u0159\u00edb\u011bhy, jednou z mu\u017esk\u00e9ho a podruh\u00e9 z \u017eensk\u00e9ho pohledu.", "name": "\u017deny vs mu\u017ei", "created": "2019-02-08T07:44:48.161Z", "modified": "2019-02-08T07:44:48.161Z", "visibility": 2}}, {"model": "games.gamerules", "pk": 92, "fields": {"description": "Je ve sv\u00e9 prapodstat\u011b \u0161tronzo n\u011bkolika improviz\u00e1tor\u016f kter\u00e9 vytv\u00e1\u0159\u00ed situaci, \u010di prost\u0159ed\u00ed. V \u017eiv\u00e9m obraze nen\u00ed vhodn\u00e9 se h\u00fdbat, ani vyd\u00e1vat zvuky.", "name": "\u017div\u00e9 obrazy", "created": "2019-02-08T07:44:55.720Z", "modified": "2019-02-08T07:44:55.721Z", "visibility": 2}}, {"model": "games.gamerules", "pk": 93, "fields": {"description": "V kategorii \u017div\u00e9 rekvizity v\u00e1m 2 hr\u00e1\u010di p\u0159edvedou, kolika r\u016fzn\u00fdmi zp\u016fsoby se d\u00e1 vyu\u017e\u00edt nevinn\u00fd div\u00e1k jako rekvizita.", "name": "\u017div\u00e9 rekvizity", "created": "2019-02-08T07:45:02.717Z", "modified": "2019-02-08T07:45:02.717Z", "visibility": 2}}, {"model": "games.gamerules", "pk": 94, "fields": {"description": "V kategorii \u017d\u00e1nrov\u00e1 vypr\u00e1v\u011bn\u00e1, zn\u00e1m\u00e9 i jako Vypr\u00e1v\u011bn\u00e1 nap\u0159esk\u00e1\u010dku, \u010di Spole\u010dn\u00e9 vypr\u00e1v\u011bn\u00ed v\u00e1m 4 hr\u00e1\u010di v\u00e1m pov\u00ed spole\u010dn\u011b jeden p\u0159\u00edb\u011bh v r\u016fzn\u00fdch \u017e\u00e1nrech.", "name": "\u017d\u00e1nrov\u00e1 vypr\u00e1v\u011bn\u00e1", "created": "2019-02-08T07:45:08.861Z", "modified": "2019-02-08T07:45:08.861Z", "visibility": 2}}, {"model": "games.game", "pk": 1, "fields": {"created": "2019-02-08T11:55:38.937Z", "modified": "2019-02-08T11:55:38.937Z", "show": 1, "rules": 89, "time_limit": null, "start": null, "end": null, "inspirations": []}}, {"model": "games.game", "pk": 2, "fields": {"created": "2019-02-08T12:50:43.960Z", "modified": "2019-02-08T12:50:43.960Z", "show": 1, "rules": 4, "time_limit": null, "start": null, "end": null, "inspirations": []}}, {"model": "games.game", "pk": 3, "fields": {"created": "2019-02-08T18:50:38.751Z", "modified": "2019-02-08T18:50:38.751Z", "show": 1, "rules": 45, "time_limit": null, "start": null, "end": null, "inspirations": [55]}}, {"model": "games.game", "pk": 4, "fields": {"created": "2019-02-08T19:00:17.544Z", "modified": "2019-02-08T19:00:17.544Z", "show": 1, "rules": 36, "time_limit": null, "start": null, "end": null, "inspirations": [95]}}, {"model": "games.game", "pk": 5, "fields": {"created": "2019-02-08T19:14:15.438Z", "modified": "2019-02-08T19:17:53.326Z", "show": 1, "rules": 90, "time_limit": null, "start": null, "end": null, "inspirations": [88]}}, {"model": "games.game", "pk": 6, "fields": {"created": "2019-02-08T19:20:43.010Z", "modified": "2019-02-08T19:31:12.689Z", "show": 1, "rules": 49, "time_limit": null, "start": null, "end": null, "inspirations": []}}, {"model": "games.game", "pk": 7, "fields": {"created": "2019-02-08T20:05:54.556Z", "modified": "2019-02-08T20:05:54.556Z", "show": 1, "rules": 50, "time_limit": null, "start": null, "end": null, "inspirations": [137]}}, {"model": "games.game", "pk": 8, "fields": {"created": "2019-02-08T20:21:19.014Z", "modified": "2019-02-08T20:25:33.516Z", "show": 1, "rules": 46, "time_limit": null, "start": null, "end": null, "inspirations": [105]}}, {"model": "games.game", "pk": 9, "fields": {"created": "2019-02-08T20:43:52.964Z", "modified": "2019-02-08T20:43:52.964Z", "show": 1, "rules": 28, "time_limit": null, "start": null, "end": null, "inspirations": [19]}}, {"model": "inspirations.inspiration", "pk": 13, "fields": {"created": "2019-02-08T17:48:12.960Z", "modified": "2019-02-08T17:48:12.960Z", "show": 1, "text": "Iluzionistick\u00e9 \u010d\u00edslo", "discarded": false}}, {"model": "inspirations.inspiration", "pk": 14, "fields": {"created": "2019-02-08T17:48:27.535Z", "modified": "2019-02-08T17:48:27.535Z", "show": 1, "text": "\u010c\u00ednsk\u00e1 restaurace", "discarded": false}}, {"model": "inspirations.inspiration", "pk": 15, "fields": {"created": "2019-02-08T17:48:59.748Z", "modified": "2019-02-08T17:48:59.748Z", "show": 1, "text": "Balet pro handicapovan\u00e9", "discarded": false}}, {"model": "inspirations.inspiration", "pk": 16, "fields": {"created": "2019-02-08T17:49:15.914Z", "modified": "2019-02-08T17:49:15.914Z", "show": 1, "text": "Ostrov odklad\u016f", "discarded": false}}, {"model": "inspirations.inspiration", "pk": 17, "fields": {"created": "2019-02-08T17:49:48.349Z", "modified": "2019-02-08T17:49:48.349Z", "show": 1, "text": "Bou\u0159kov\u00e1 sez\u00f3na", "discarded": false}}, {"model": "inspirations.inspiration", "pk": 18, "fields": {"created": "2019-02-08T17:52:20.075Z", "modified": "2019-02-08T17:52:20.075Z", "show": 1, "text": "Nejkrat\u0161\u00ed pou\u0165", "discarded": false}}, {"model": "inspirations.inspiration", "pk": 19, "fields": {"created": "2019-02-08T17:52:30.978Z", "modified": "2019-02-08T17:52:30.978Z", "show": 1, "text": "Podvod k pou\u017eit\u00ed", "discarded": false}}, {"model": "inspirations.inspiration", "pk": 20, "fields": {"created": "2019-02-08T17:53:15.317Z", "modified": "2019-02-08T17:53:15.318Z", "show": 1, "text": "Pe\u010d\u00edc\u00ed houba", "discarded": false}}, {"model": "inspirations.inspiration", "pk": 21, "fields": {"created": "2019-02-08T17:53:44.875Z", "modified": "2019-02-08T17:53:44.875Z", "show": 1, "text": "Jedli\u010dkov\u00e1 tisk\u00e1rna", "discarded": false}}, {"model": "inspirations.inspiration", "pk": 22, "fields": {"created": "2019-02-08T17:54:18.699Z", "modified": "2019-02-08T17:54:18.699Z", "show": 1, "text": "Kompaktn\u00ed pudl", "discarded": false}}, {"model": "inspirations.inspiration", "pk": 23, "fields": {"created": "2019-02-08T17:57:09.627Z", "modified": "2019-02-08T17:57:09.627Z", "show": 1, "text": "Klihov\u00fd re\u017eim", "discarded": false}}, {"model": "inspirations.inspiration", "pk": 24, "fields": {"created": "2019-02-08T17:57:43.307Z", "modified": "2019-02-08T17:57:43.307Z", "show": 1, "text": "Bobov\u00e1 dieta", "discarded": false}}, {"model": "inspirations.inspiration", "pk": 25, "fields": {"created": "2019-02-08T17:59:01.347Z", "modified": "2019-02-08T17:59:01.347Z", "show": 1, "text": "Vln\u011bn\u00fd metr", "discarded": false}}, {"model": "inspirations.inspiration", "pk": 26, "fields": {"created": "2019-02-08T18:01:44.103Z", "modified": "2019-02-08T18:01:44.103Z", "show": 1, "text": "Vesm\u00edrn\u00e1 lo\u010f", "discarded": false}}, {"model": "inspirations.inspiration", "pk": 27, "fields": {"created": "2019-02-08T18:05:05.191Z", "modified": "2019-02-08T18:05:05.191Z", "show": 1, "text": "Rozvod za odm\u011bnu", "discarded": false}}, {"model": "inspirations.inspiration", "pk": 28, "fields": {"created": "2019-02-08T18:07:46.079Z", "modified": "2019-02-08T18:07:46.079Z", "show": 1, "text": "Hladovej vlk", "discarded": false}}, {"model": "inspirations.inspiration", "pk": 29, "fields": {"created": "2019-02-08T18:08:12.429Z", "modified": "2019-02-08T18:08:12.429Z", "show": 1, "text": "Transpozice sm\u011brnice", "discarded": false}}, {"model": "inspirations.inspiration", "pk": 30, "fields": {"created": "2019-02-08T18:11:39.643Z", "modified": "2019-02-08T18:11:39.643Z", "show": 1, "text": "Stracene panenstvi", "discarded": false}}, {"model": "inspirations.inspiration", "pk": 31, "fields": {"created": "2019-02-08T18:11:39.724Z", "modified": "2019-02-08T18:11:39.724Z", "show": 1, "text": "Atomov\u00fd kryt ", "discarded": false}}, {"model": "inspirations.inspiration", "pk": 32, "fields": {"created": "2019-02-08T18:11:55.732Z", "modified": "2019-02-08T18:11:55.732Z", "show": 1, "text": "Tak n\u00e1m zabili Ferdinanda", "discarded": false}}, {"model": "inspirations.inspiration", "pk": 33, "fields": {"created": "2019-02-08T18:12:27.161Z", "modified": "2019-02-08T18:50:33.564Z", "show": 1, "text": "Ml\u00e9kojedy", "discarded": true}}, {"model": "inspirations.inspiration", "pk": 34, "fields": {"created": "2019-02-08T18:12:48.842Z", "modified": "2019-02-08T18:12:48.842Z", "show": 1, "text": "Tramvaj \u010d\u00edslo 7", "discarded": false}}, {"model": "inspirations.inspiration", "pk": 35, "fields": {"created": "2019-02-08T18:13:12.644Z", "modified": "2019-02-08T18:13:12.644Z", "show": 1, "text": "Citov\u011b deprivovan\u00fd jedinec", "discarded": false}}, {"model": "inspirations.inspiration", "pk": 36, "fields": {"created": "2019-02-08T18:13:30.790Z", "modified": "2019-02-08T18:13:30.790Z", "show": 1, "text": "Rozbita panenka", "discarded": false}}, {"model": "inspirations.inspiration", "pk": 37, "fields": {"created": "2019-02-08T18:13:48.486Z", "modified": "2019-02-08T18:13:48.486Z", "show": 1, "text": "Pan profesor Rohn z Buben\u010de", "discarded": false}}, {"model": "inspirations.inspiration", "pk": 38, "fields": {"created": "2019-02-08T18:14:12.907Z", "modified": "2019-02-08T18:14:12.907Z", "show": 1, "text": "Sysl\u00edkov\u00e1 bomba", "discarded": false}}, {"model": "inspirations.inspiration", "pk": 39, "fields": {"created": "2019-02-08T18:14:24.882Z", "modified": "2019-02-08T18:14:24.882Z", "show": 1, "text": "Nerozbitn\u00e9 skleni\u010dky", "discarded": false}}, {"model": "inspirations.inspiration", "pk": 40, "fields": {"created": "2019-02-08T18:14:44.561Z", "modified": "2019-02-08T18:14:44.561Z", "show": 1, "text": "Pozitivni aura", "discarded": false}}, {"model": "inspirations.inspiration", "pk": 41, "fields": {"created": "2019-02-08T18:14:52.110Z", "modified": "2019-02-08T18:14:52.110Z", "show": 1, "text": "Depresivni tulen", "discarded": false}}, {"model": "inspirations.inspiration", "pk": 42, "fields": {"created": "2019-02-08T18:14:55.554Z", "modified": "2019-02-08T18:14:55.554Z", "show": 1, "text": "Ufoporno", "discarded": false}}, {"model": "inspirations.inspiration", "pk": 43, "fields": {"created": "2019-02-08T18:15:19.772Z", "modified": "2019-02-08T18:15:19.772Z", "show": 1, "text": "hmyz k snidani", "discarded": false}}, {"model": "inspirations.inspiration", "pk": 44, "fields": {"created": "2019-02-08T18:15:45.516Z", "modified": "2019-02-08T18:15:45.516Z", "show": 1, "text": "Jo\u017ein z ba\u017ein", "discarded": false}}, {"model": "inspirations.inspiration", "pk": 45, "fields": {"created": "2019-02-08T18:16:58.471Z", "modified": "2019-02-08T18:16:58.471Z", "show": 1, "text": "Sma\u017een\u00fd houbar ", "discarded": false}}, {"model": "inspirations.inspiration", "pk": 46, "fields": {"created": "2019-02-08T18:17:23.205Z", "modified": "2019-02-08T18:17:23.205Z", "show": 1, "text": "90 -60- 90", "discarded": false}}, {"model": "inspirations.inspiration", "pk": 47, "fields": {"created": "2019-02-08T18:17:51.153Z", "modified": "2019-02-08T18:17:51.153Z", "show": 1, "text": "Travino\u0159ez Bed\u0159ich.", "discarded": false}}, {"model": "inspirations.inspiration", "pk": 48, "fields": {"created": "2019-02-08T18:18:05.787Z", "modified": "2019-02-08T18:18:05.787Z", "show": 1, "text": "Kaktusov\u00e9 bludi\u0161t\u011b", "discarded": false}}, {"model": "inspirations.inspiration", "pk": 49, "fields": {"created": "2019-02-08T18:18:14.916Z", "modified": "2019-02-08T18:18:14.916Z", "show": 1, "text": "Velkej pr\u016fser", "discarded": false}}, {"model": "inspirations.inspiration", "pk": 50, "fields": {"created": "2019-02-08T18:18:37.269Z", "modified": "2019-02-08T18:18:37.269Z", "show": 1, "text": "Martin Kab\u00e1t", "discarded": false}}, {"model": "inspirations.inspiration", "pk": 51, "fields": {"created": "2019-02-08T18:18:48.596Z", "modified": "2019-02-08T18:18:48.596Z", "show": 1, "text": "Neo\u010dek\u00e1van\u00fd \u00fasp\u011bch", "discarded": false}}, {"model": "inspirations.inspiration", "pk": 52, "fields": {"created": "2019-02-08T18:19:41.297Z", "modified": "2019-02-08T18:19:41.297Z", "show": 1, "text": "Bezpohlavni sex", "discarded": false}}, {"model": "inspirations.inspiration", "pk": 53, "fields": {"created": "2019-02-08T18:19:42.799Z", "modified": "2019-02-08T18:19:42.799Z", "show": 1, "text": "Zachodova smycka", "discarded": false}}, {"model": "inspirations.inspiration", "pk": 54, "fields": {"created": "2019-02-08T18:20:09.680Z", "modified": "2019-02-08T18:20:09.680Z", "show": 1, "text": "Nosorozec lovi motyla", "discarded": false}}, {"model": "inspirations.inspiration", "pk": 55, "fields": {"created": "2019-02-08T18:20:14.246Z", "modified": "2019-02-08T18:20:14.246Z", "show": 1, "text": "\u0160ne\u010d\u00ed bitka", "discarded": false}}, {"model": "inspirations.inspiration", "pk": 56, "fields": {"created": "2019-02-08T18:20:26.533Z", "modified": "2019-02-08T18:20:26.533Z", "show": 1, "text": "Ob\u0159\u00edzka", "discarded": false}}, {"model": "inspirations.inspiration", "pk": 57, "fields": {"created": "2019-02-08T18:20:44.770Z", "modified": "2019-02-08T18:20:44.770Z", "show": 1, "text": "Otev\u0159en\u00fd kan\u00e1l ", "discarded": false}}, {"model": "inspirations.inspiration", "pk": 58, "fields": {"created": "2019-02-08T18:20:50.169Z", "modified": "2019-02-08T18:20:50.169Z", "show": 1, "text": "Zaj\u00ed\u010dek Azurit a t\u0159\u00edkolka", "discarded": false}}, {"model": "inspirations.inspiration", "pk": 59, "fields": {"created": "2019-02-08T18:20:58.341Z", "modified": "2019-02-08T18:20:58.341Z", "show": 1, "text": "Lineck\u00e9 pe\u010divo", "discarded": false}}, {"model": "inspirations.inspiration", "pk": 60, "fields": {"created": "2019-02-08T18:21:10.358Z", "modified": "2019-02-08T18:21:10.358Z", "show": 1, "text": "Slep\u00fd doprav\u00e1k", "discarded": false}}, {"model": "inspirations.inspiration", "pk": 61, "fields": {"created": "2019-02-08T18:21:45.772Z", "modified": "2019-02-08T18:21:45.772Z", "show": 1, "text": "Nem\u00e1m \u010dte\u010dku QR kodu", "discarded": false}}, {"model": "inspirations.inspiration", "pk": 62, "fields": {"created": "2019-02-08T18:21:48.711Z", "modified": "2019-02-08T18:21:48.711Z", "show": 1, "text": "Slizk\u00e9 dla\u017edi\u010dky", "discarded": false}}, {"model": "inspirations.inspiration", "pk": 63, "fields": {"created": "2019-02-08T18:22:20.345Z", "modified": "2019-02-08T18:22:20.345Z", "show": 1, "text": "Hluchonemy moderator", "discarded": false}}, {"model": "inspirations.inspiration", "pk": 64, "fields": {"created": "2019-02-08T18:24:23.452Z", "modified": "2019-02-08T18:24:23.452Z", "show": 1, "text": "To \u0161lo rychle", "discarded": false}}, {"model": "inspirations.inspiration", "pk": 65, "fields": {"created": "2019-02-08T18:24:32.987Z", "modified": "2019-02-08T18:24:32.987Z", "show": 1, "text": "Rozpolceny alkoholik", "discarded": false}}, {"model": "inspirations.inspiration", "pk": 66, "fields": {"created": "2019-02-08T18:24:50.900Z", "modified": "2019-02-08T18:24:50.900Z", "show": 1, "text": "Hlu\u010dn\u00fd spolubydl\u00edc\u00ed ", "discarded": false}}, {"model": "inspirations.inspiration", "pk": 67, "fields": {"created": "2019-02-08T18:25:09.030Z", "modified": "2019-02-08T18:25:09.030Z", "show": 1, "text": "Bolav\u00e1 z\u00e1da ", "discarded": false}}, {"model": "inspirations.inspiration", "pk": 68, "fields": {"created": "2019-02-08T18:25:54.812Z", "modified": "2019-02-08T18:25:54.812Z", "show": 1, "text": "R\u016f\u017eov\u00e9 schnil\u00e9 seno", "discarded": false}}, {"model": "inspirations.inspiration", "pk": 69, "fields": {"created": "2019-02-08T18:26:29.883Z", "modified": "2019-02-08T18:26:29.883Z", "show": 1, "text": "\u0160ed\u00e1 eminence v trenk\u00e1ch", "discarded": false}}, {"model": "inspirations.inspiration", "pk": 70, "fields": {"created": "2019-02-08T18:27:18.610Z", "modified": "2019-02-08T18:27:18.610Z", "show": 1, "text": "Drz\u00fd papou\u0161ek ", "discarded": false}}, {"model": "inspirations.inspiration", "pk": 71, "fields": {"created": "2019-02-08T18:27:23.202Z", "modified": "2019-02-08T18:27:23.202Z", "show": 1, "text": "\u0161ablonovit\u00fd inzer\u00e1t", "discarded": false}}, {"model": "inspirations.inspiration", "pk": 72, "fields": {"created": "2019-02-08T18:27:32.849Z", "modified": "2019-02-08T18:27:32.849Z", "show": 1, "text": "Parapl\u00ed\u010dko v long islandu", "discarded": false}}, {"model": "inspirations.inspiration", "pk": 73, "fields": {"created": "2019-02-08T18:27:50.023Z", "modified": "2019-02-08T18:27:50.023Z", "show": 1, "text": "Ztracen\u00fd dudl\u00edk ", "discarded": false}}, {"model": "inspirations.inspiration", "pk": 74, "fields": {"created": "2019-02-08T18:28:31.817Z", "modified": "2019-02-08T18:28:31.817Z", "show": 1, "text": "Pl\u00edse\u0148 v Jan\u010di krabi\u010dce", "discarded": false}}, {"model": "inspirations.inspiration", "pk": 75, "fields": {"created": "2019-02-08T18:28:53.554Z", "modified": "2019-02-08T18:28:53.554Z", "show": 1, "text": "\u010cern\u00fd ban\u00e1n", "discarded": false}}, {"model": "inspirations.inspiration", "pk": 76, "fields": {"created": "2019-02-08T18:29:19.280Z", "modified": "2019-02-08T18:29:19.280Z", "show": 1, "text": "Ne\u010dekan\u011b nechutn\u00fd dort", "discarded": false}}, {"model": "inspirations.inspiration", "pk": 77, "fields": {"created": "2019-02-08T18:29:22.629Z", "modified": "2019-02-08T20:21:49.323Z", "show": 1, "text": "Zv\u011b\u0159inec", "discarded": true}}, {"model": "inspirations.inspiration", "pk": 78, "fields": {"created": "2019-02-08T18:29:50.631Z", "modified": "2019-02-08T18:29:50.631Z", "show": 1, "text": "Kouzeln\u00fd lesn\u00ed roh", "discarded": false}}, {"model": "inspirations.inspiration", "pk": 79, "fields": {"created": "2019-02-08T18:29:57.268Z", "modified": "2019-02-08T18:29:57.268Z", "show": 1, "text": "Kognitivn\u00ed disonance", "discarded": false}}, {"model": "inspirations.inspiration", "pk": 80, "fields": {"created": "2019-02-08T18:30:03.341Z", "modified": "2019-02-08T18:30:03.341Z", "show": 1, "text": "Jelen\u00ed kop\u00fdtko", "discarded": false}}, {"model": "inspirations.inspiration", "pk": 81, "fields": {"created": "2019-02-08T18:30:03.470Z", "modified": "2019-02-08T18:30:03.470Z", "show": 1, "text": "Sport", "discarded": false}}, {"model": "inspirations.inspiration", "pk": 82, "fields": {"created": "2019-02-08T18:30:24.141Z", "modified": "2019-02-08T18:30:24.141Z", "show": 1, "text": "Stroposkop a epileptik", "discarded": false}}, {"model": "inspirations.inspiration", "pk": 83, "fields": {"created": "2019-02-08T18:30:24.316Z", "modified": "2019-02-08T18:30:24.316Z", "show": 1, "text": "Sakr\u00e1lni stavitel", "discarded": false}}, {"model": "inspirations.inspiration", "pk": 84, "fields": {"created": "2019-02-08T18:31:01.066Z", "modified": "2019-02-08T18:31:01.066Z", "show": 1, "text": "Tu\u0148\u00e1kov\u00e9 dilema", "discarded": false}}, {"model": "inspirations.inspiration", "pk": 85, "fields": {"created": "2019-02-08T18:31:01.618Z", "modified": "2019-02-08T18:31:01.618Z", "show": 1, "text": "B\u0159eh \u0161v\u011bdsk\u00e9ho jezera", "discarded": false}}, {"model": "inspirations.inspiration", "pk": 86, "fields": {"created": "2019-02-08T18:31:09.505Z", "modified": "2019-02-08T18:31:09.505Z", "show": 1, "text": "Q 10", "discarded": false}}, {"model": "inspirations.inspiration", "pk": 87, "fields": {"created": "2019-02-08T18:31:09.902Z", "modified": "2019-02-08T18:31:09.902Z", "show": 1, "text": "Precl\u00edk a bob\u00edk", "discarded": false}}, {"model": "inspirations.inspiration", "pk": 88, "fields": {"created": "2019-02-08T18:31:13.773Z", "modified": "2019-02-08T18:31:13.773Z", "show": 1, "text": "Ly\u017ea\u0159sk\u00fd z\u00e1jezd", "discarded": false}}, {"model": "inspirations.inspiration", "pk": 89, "fields": {"created": "2019-02-08T18:31:28.618Z", "modified": "2019-02-08T18:31:28.619Z", "show": 1, "text": "Kladivo na tramvaje", "discarded": false}}, {"model": "inspirations.inspiration", "pk": 90, "fields": {"created": "2019-02-08T18:31:30.671Z", "modified": "2019-02-08T18:31:30.671Z", "show": 1, "text": "Ru\u0161en\u00ed sign\u00e1lu", "discarded": false}}, {"model": "inspirations.inspiration", "pk": 91, "fields": {"created": "2019-02-08T18:31:52.357Z", "modified": "2019-02-08T18:31:52.357Z", "show": 1, "text": "Jedovat\u00e9 pohorky", "discarded": false}}, {"model": "inspirations.inspiration", "pk": 92, "fields": {"created": "2019-02-08T18:31:56.522Z", "modified": "2019-02-08T18:31:56.522Z", "show": 1, "text": "Trvanliv\u00fd sn\u00edh ", "discarded": false}}, {"model": "inspirations.inspiration", "pk": 93, "fields": {"created": "2019-02-08T18:32:17.193Z", "modified": "2019-02-08T18:32:17.193Z", "show": 1, "text": "Such\u00fd bar", "discarded": false}}, {"model": "inspirations.inspiration", "pk": 94, "fields": {"created": "2019-02-08T18:32:24.438Z", "modified": "2019-02-08T18:32:24.438Z", "show": 1, "text": "'; drop all tables;", "discarded": false}}, {"model": "inspirations.inspiration", "pk": 95, "fields": {"created": "2019-02-08T18:32:34.201Z", "modified": "2019-02-08T18:32:34.201Z", "show": 1, "text": "\u00dalisn\u00fd lesn\u00fd", "discarded": false}}, {"model": "inspirations.inspiration", "pk": 96, "fields": {"created": "2019-02-08T18:32:47.088Z", "modified": "2019-02-08T18:32:47.088Z", "show": 1, "text": "Mexick\u00e1 p\u016flvlna", "discarded": false}}, {"model": "inspirations.inspiration", "pk": 97, "fields": {"created": "2019-02-08T18:32:49.920Z", "modified": "2019-02-08T18:32:49.921Z", "show": 1, "text": "Krystalick\u00e9 byt\u00ed", "discarded": false}}, {"model": "inspirations.inspiration", "pk": 98, "fields": {"created": "2019-02-08T18:32:53.735Z", "modified": "2019-02-08T18:32:53.735Z", "show": 1, "text": "N\u00e1ro\u010dn\u00e1 noc", "discarded": false}}, {"model": "inspirations.inspiration", "pk": 99, "fields": {"created": "2019-02-08T18:33:04.156Z", "modified": "2019-02-08T18:33:04.156Z", "show": 1, "text": "Mazac\u00ed tramvaj", "discarded": false}}, {"model": "inspirations.inspiration", "pk": 100, "fields": {"created": "2019-02-08T18:33:24.980Z", "modified": "2019-02-08T18:33:24.980Z", "show": 1, "text": "Von\u00ed tu kol\u00ednsk\u00e1", "discarded": false}}, {"model": "inspirations.inspiration", "pk": 101, "fields": {"created": "2019-02-08T18:33:31.470Z", "modified": "2019-02-08T18:33:31.470Z", "show": 1, "text": "Kosm\u00edr", "discarded": false}}, {"model": "inspirations.inspiration", "pk": 102, "fields": {"created": "2019-02-08T18:33:37.340Z", "modified": "2019-02-08T18:50:34.977Z", "show": 1, "text": "Naposledy posledn\u00ed", "discarded": true}}, {"model": "inspirations.inspiration", "pk": 103, "fields": {"created": "2019-02-08T18:33:48.477Z", "modified": "2019-02-08T20:21:34.673Z", "show": 1, "text": "Ne\u010dekan\u00e9 okolnosti p\u0159\u00edchodu pana Cyrila", "discarded": true}}, {"model": "inspirations.inspiration", "pk": 104, "fields": {"created": "2019-02-08T18:34:16.924Z", "modified": "2019-02-08T18:34:16.924Z", "show": 1, "text": "Brno hlavn\u00ed m\u011bsto", "discarded": false}}, {"model": "inspirations.inspiration", "pk": 105, "fields": {"created": "2019-02-08T18:34:17.445Z", "modified": "2019-02-08T18:34:17.445Z", "show": 1, "text": "Tot\u00e1ln\u00ed zahlcen\u00ed", "discarded": false}}, {"model": "inspirations.inspiration", "pk": 106, "fields": {"created": "2019-02-08T18:34:36.267Z", "modified": "2019-02-08T18:34:36.268Z", "show": 1, "text": "Kastr\u00e1ln\u00ed cestov\u00e1n\u00ed", "discarded": false}}, {"model": "inspirations.inspiration", "pk": 107, "fields": {"created": "2019-02-08T18:34:38.344Z", "modified": "2019-02-08T18:34:38.344Z", "show": 1, "text": "Jak dlouh\u00e9 t\u00e9 ma se do tohoto formul\u00e1\u0159e asi tak d\u00e1 napsat? Dlouh\u00e9 jako televizn\u00ed noviny? P\u0159edn\u00e1\u0161ka profesora L\u00edma? \u010cek\u00e1n\u00ed na vlak \u010cesk\u00fdch drah? Let do Singapuru? Plavba lod\u00ed kolem sv\u011bta? Kolona na d\u00e1lnici D1? Nebo del\u0161\u00ed? Je\u0161t\u011b del\u0161\u00ed? ", "discarded": false}}, {"model": "inspirations.inspiration", "pk": 108, "fields": {"created": "2019-02-08T18:34:57.719Z", "modified": "2019-02-08T18:34:57.719Z", "show": 1, "text": "dreveny urychlovac", "discarded": false}}, {"model": "inspirations.inspiration", "pk": 109, "fields": {"created": "2019-02-08T18:35:13.861Z", "modified": "2019-02-08T18:35:13.861Z", "show": 1, "text": "Rentgenov\u00e9 br\u00fdle", "discarded": false}}, {"model": "inspirations.inspiration", "pk": 110, "fields": {"created": "2019-02-08T18:35:31.353Z", "modified": "2019-02-08T18:35:31.353Z", "show": 1, "text": "princezna polobezka", "discarded": false}}, {"model": "inspirations.inspiration", "pk": 111, "fields": {"created": "2019-02-08T18:35:33.470Z", "modified": "2019-02-08T18:35:33.470Z", "show": 1, "text": "\u017e\u016f\u017eov\u00e1 oh\u00e1\u0148ka", "discarded": false}}, {"model": "inspirations.inspiration", "pk": 112, "fields": {"created": "2019-02-08T18:35:48.751Z", "modified": "2019-02-08T20:21:42.359Z", "show": 1, "text": "M\u016fza postrach ulice", "discarded": true}}, {"model": "inspirations.inspiration", "pk": 113, "fields": {"created": "2019-02-08T18:35:49.511Z", "modified": "2019-02-08T18:35:49.511Z", "show": 1, "text": "\u0160elakov\u00e9 nehty", "discarded": false}}, {"model": "inspirations.inspiration", "pk": 114, "fields": {"created": "2019-02-08T18:35:52.281Z", "modified": "2019-02-08T18:35:52.281Z", "show": 1, "text": "Kurz \u017eebran\u00ed", "discarded": false}}, {"model": "inspirations.inspiration", "pk": 115, "fields": {"created": "2019-02-08T18:35:56.715Z", "modified": "2019-02-08T18:35:56.715Z", "show": 1, "text": "inspirativni koutek", "discarded": false}}, {"model": "inspirations.inspiration", "pk": 116, "fields": {"created": "2019-02-08T18:35:57.528Z", "modified": "2019-02-08T18:35:57.528Z", "show": 1, "text": "st\u0159\u00edzliv\u00fd Zeman", "discarded": false}}, {"model": "inspirations.inspiration", "pk": 117, "fields": {"created": "2019-02-08T18:36:15.228Z", "modified": "2019-02-08T18:36:15.228Z", "show": 1, "text": "zmatena beruska", "discarded": false}}, {"model": "inspirations.inspiration", "pk": 118, "fields": {"created": "2019-02-08T18:36:28.083Z", "modified": "2019-02-08T18:36:28.083Z", "show": 1, "text": "stroj polocasu", "discarded": false}}, {"model": "inspirations.inspiration", "pk": 119, "fields": {"created": "2019-02-08T18:36:33.751Z", "modified": "2019-02-08T18:36:33.751Z", "show": 1, "text": "St\u00e9blo vykou\u0159en\u00e9 tr\u00e1vy", "discarded": false}}, {"model": "inspirations.inspiration", "pk": 120, "fields": {"created": "2019-02-08T18:36:45.117Z", "modified": "2019-02-08T18:36:45.117Z", "show": 1, "text": "zl\u00e9 dvoj\u010de", "discarded": false}}, {"model": "inspirations.inspiration", "pk": 121, "fields": {"created": "2019-02-08T18:36:45.750Z", "modified": "2019-02-08T18:36:45.750Z", "show": 1, "text": "Ukraden\u00fd lupi\u010d", "discarded": false}}, {"model": "inspirations.inspiration", "pk": 122, "fields": {"created": "2019-02-08T18:37:00.293Z", "modified": "2019-02-08T18:37:00.293Z", "show": 1, "text": "N\u00e1kup v ikea", "discarded": false}}, {"model": "inspirations.inspiration", "pk": 123, "fields": {"created": "2019-02-08T18:37:01.721Z", "modified": "2019-02-08T18:37:01.721Z", "show": 1, "text": "D\u011blat Davida", "discarded": false}}, {"model": "inspirations.inspiration", "pk": 124, "fields": {"created": "2019-02-08T18:37:03.361Z", "modified": "2019-02-08T18:37:03.361Z", "show": 1, "text": "Kou\u0159 dopit\u00e9 k\u00e1vy", "discarded": false}}, {"model": "inspirations.inspiration", "pk": 125, "fields": {"created": "2019-02-08T18:37:03.846Z", "modified": "2019-02-08T18:37:03.846Z", "show": 1, "text": "jeskynni foyer", "discarded": false}}, {"model": "inspirations.inspiration", "pk": 126, "fields": {"created": "2019-02-08T18:37:13.694Z", "modified": "2019-02-08T18:37:13.694Z", "show": 1, "text": "vesely hrobar", "discarded": false}}, {"model": "inspirations.inspiration", "pk": 127, "fields": {"created": "2019-02-08T18:37:31.342Z", "modified": "2019-02-08T18:37:31.342Z", "show": 1, "text": "Chlapsk\u00e1 r\u00fdmi\u010dka", "discarded": false}}, {"model": "inspirations.inspiration", "pk": 128, "fields": {"created": "2019-02-08T18:38:44.302Z", "modified": "2019-02-08T18:38:44.302Z", "show": 1, "text": "zmrzlina na zamysleni", "discarded": false}}, {"model": "inspirations.inspiration", "pk": 129, "fields": {"created": "2019-02-08T19:16:56.288Z", "modified": "2019-02-08T19:16:56.288Z", "show": 1, "text": "Island\u0161tina", "discarded": false}}, {"model": "inspirations.inspiration", "pk": 130, "fields": {"created": "2019-02-08T19:17:49.292Z", "modified": "2019-02-08T19:18:42.345Z", "show": 1, "text": "Nizozem\u0161tina se surinamsk\u00fdm p\u0159\u00edzvukem", "discarded": false}}, {"model": "inspirations.inspiration", "pk": 131, "fields": {"created": "2019-02-08T19:22:57.440Z", "modified": "2019-02-08T19:22:57.440Z", "show": 1, "text": "Stravenka", "discarded": false}}, {"model": "inspirations.inspiration", "pk": 132, "fields": {"created": "2019-02-08T19:24:28.960Z", "modified": "2019-02-08T19:24:28.960Z", "show": 1, "text": "Kladivo", "discarded": false}}, {"model": "inspirations.inspiration", "pk": 133, "fields": {"created": "2019-02-08T19:26:15.034Z", "modified": "2019-02-08T19:26:44.505Z", "show": 1, "text": "D\u0159ev\u011bn\u00e1 l\u017e\u00edce/vidli\u010dka", "discarded": false}}, {"model": "inspirations.inspiration", "pk": 134, "fields": {"created": "2019-02-08T19:27:44.623Z", "modified": "2019-02-08T19:27:44.623Z", "show": 1, "text": "Birell", "discarded": false}}, {"model": "inspirations.inspiration", "pk": 135, "fields": {"created": "2019-02-08T19:29:40.669Z", "modified": "2019-02-08T19:29:40.669Z", "show": 1, "text": "Kapky do nosu", "discarded": false}}, {"model": "inspirations.inspiration", "pk": 136, "fields": {"created": "2019-02-08T19:31:10.198Z", "modified": "2019-02-08T19:31:10.198Z", "show": 1, "text": "Mi(z)kina", "discarded": false}}, {"model": "inspirations.inspiration", "pk": 137, "fields": {"created": "2019-02-08T20:06:29.811Z", "modified": "2019-02-08T20:06:29.811Z", "show": 1, "text": "Nev\u011bstinec", "discarded": false}}, {"model": "inspirations.inspiration", "pk": 138, "fields": {"created": "2019-02-08T20:23:06.546Z", "modified": "2019-02-08T20:23:06.546Z", "show": 1, "text": "Krmelec", "discarded": false}}, {"model": "inspirations.inspiration", "pk": 139, "fields": {"created": "2019-02-08T20:23:18.930Z", "modified": "2019-02-08T20:23:18.930Z", "show": 1, "text": "Letadlov\u00e1 lo\u010f", "discarded": false}}, {"model": "inspirations.inspiration", "pk": 140, "fields": {"created": "2019-02-08T20:23:26.219Z", "modified": "2019-02-08T20:23:26.219Z", "show": 1, "text": "V\u00fdtah", "discarded": false}}, {"model": "locations.location", "pk": 1, "fields": {"description": "DBH", "name": "Divadlo Bez Hranic", "created": "2019-02-08T07:48:38.009Z", "modified": "2019-02-08T07:48:38.009Z", "visibility": 2, "address": "K\u0159esomyslova 4", "gps": null, "website": "https://divadlobezhranic.cz"}}, {"model": "locations.location", "pk": 2, "fields": {"description": "Z\u00e1meck\u00fd sklen\u00edk Boskovice", "name": "Z\u00e1meck\u00fd sklen\u00edk Boskovice", "created": "2019-04-14T21:07:29.318Z", "modified": "2019-04-14T21:07:29.318Z", "visibility": 2, "address": "Hradn\u00ed, 68001 Boskovice", "gps": null, "website": null}}, {"model": "locations.location", "pk": 3, "fields": {"description": "Skautsk\u00fd institut", "name": "Skautsk\u00fd institut", "created": "2019-04-14T21:38:45.688Z", "modified": "2019-04-14T21:38:45.688Z", "visibility": 2, "address": "Starom\u011bstsk\u00e9 n\u00e1m\u011bst\u00ed 4/1, 110 00 Praha", "gps": null, "website": "https://www.skautskyinstitut.cz/"}}, {"model": "locations.location", "pk": 4, "fields": {"description": "V\u0160EFEST 2018", "name": "V\u0160EFEST 2018", "created": "2019-04-14T22:07:34.037Z", "modified": "2019-04-14T22:07:34.037Z", "visibility": 2, "address": "Kon\u011bvova 198/93, 130 00 Praha", "gps": null, "website": "https://vsefest.vse.cz/"}}, {"model": "locations.location", "pk": 5, "fields": {"description": "Neoby\u010dejn\u00e1 klubovna", "name": "Neoby\u010dejn\u00e1 klubovna", "created": "2019-04-14T22:14:20.042Z", "modified": "2019-04-14T22:14:20.042Z", "visibility": 2, "address": "Norsk\u00e1 16, 101 00 Praha", "gps": null, "website": "http://poutnici.desitka.cz/nk/"}}, {"model": "locations.location", "pk": 6, "fields": {"description": "DDM Praha 8 - Spir\u00e1la", "name": "DDM Praha 8 - Spir\u00e1la", "created": "2019-04-14T22:33:44.805Z", "modified": "2019-04-14T22:33:44.805Z", "visibility": 2, "address": "P\u0159emy\u0161lensk\u00e1 1102/15, 182 00 Praha 8", "gps": null, "website": "http://www.ddmpraha8.cz/"}}, {"model": "locations.location", "pk": 7, "fields": {"description": ".", "name": "KlonDike music club", "created": "2019-04-15T12:44:07.348Z", "modified": "2019-04-15T12:44:07.348Z", "visibility": 2, "address": "Pec pod Sn\u011b\u017ekou 139, 542 21 Pec pod Sn\u011b\u017ekou", "gps": null, "website": "http://www.klondikeklub.cz"}}, {"model": "locations.location", "pk": 8, "fields": {"description": "V\u00e1clavsk\u00e9 n\u00e1m\u011bst\u00ed", "name": "V\u00e1clavsk\u00e9 n\u00e1m\u011bst\u00ed", "created": "2019-04-15T13:21:27.048Z", "modified": "2019-04-15T13:21:27.048Z", "visibility": 2, "address": "V\u00e1clavsk\u00e9 n\u00e1m\u011bst\u00ed, Nov\u00e9 M\u011bsto, 110 00, Praha", "gps": null, "website": null}}, {"model": "locations.location", "pk": 9, "fields": {"description": ".", "name": "CARPE DIEM Flora", "created": "2019-04-15T13:34:05.825Z", "modified": "2019-04-15T13:34:05.825Z", "visibility": 2, "address": "Ji\u010d\u00ednsk\u00e1 4, Praha 3, 13000 Praha", "gps": null, "website": "http://www.carpediemflora.cz"}}, {"model": "locations.location", "pk": 10, "fields": {"description": ".", "name": "A Maze in Tchaiovna", "created": "2019-04-15T13:49:05.029Z", "modified": "2019-04-15T13:49:05.029Z", "visibility": 2, "address": "Muchova 4, 16000 Praha", "gps": null, "website": "http://tchaiovna.cz"}}, {"model": "locations.location", "pk": 11, "fields": {"description": "B\u00e1bkov\u00e9 divadlo \u017dilina", "name": "B\u00e1bkov\u00e9 divadlo \u017dilina", "created": "2019-04-15T14:08:41.491Z", "modified": "2019-04-15T14:09:26.827Z", "visibility": 2, "address": "Kuzm\u00e1nyho 6, Zilina", "gps": null, "website": "http://www.bdz.sk/"}}, {"model": "locations.location", "pk": 12, "fields": {"description": "Studentsk\u00fd klub Celetn\u00e1", "name": "Studentsk\u00fd klub Celetn\u00e1", "created": "2019-04-15T14:25:24.307Z", "modified": "2019-04-15T14:25:24.307Z", "visibility": 2, "address": "Celetn\u00e1 20, 11000 Praha", "gps": null, "website": "http://studentskyklubceletna.cz"}}, {"model": "locations.location", "pk": 13, "fields": {"description": "SV\u010c Lu\u017e\u00e1nky - pracovi\u0161t\u011b Lidick\u00e1", "name": "SV\u010c Lu\u017e\u00e1nky - pracovi\u0161t\u011b Lidick\u00e1", "created": "2019-04-15T14:38:04.227Z", "modified": "2019-04-15T14:38:04.227Z", "visibility": 2, "address": "Lidick\u00e1 50, 658 12, Brno", "gps": null, "website": "http://lidicka.luzanky.cz"}}, {"model": "locations.location", "pk": 14, "fields": {"description": "Karl\u00ednsk\u00e9 Spektrum", "name": "Karl\u00ednsk\u00e9 Spektrum", "created": "2019-04-15T20:03:31.871Z", "modified": "2019-04-15T20:03:31.871Z", "visibility": 2, "address": "Karl\u00ednsk\u00e9 n\u00e1m. 316/7, 186 00 Praha 8 - Karl\u00edn-Karl\u00edn, \u010cesko", "gps": null, "website": "https://ddmpraha.cz/karlinske-spektrum"}}, {"model": "locations.location", "pk": 15, "fields": {"description": ".", "name": "Zku\u0161ebna UHO, Liberec", "created": "2019-04-15T20:38:28.647Z", "modified": "2019-04-15T20:38:28.647Z", "visibility": 2, "address": "Moskevsk\u00e1 142/47, Liberec", "gps": null, "website": null}}, {"model": "locations.location", "pk": 16, "fields": {"description": ".", "name": "AC Klub", "created": "2019-04-15T21:30:53.911Z", "modified": "2019-04-15T21:30:53.911Z", "visibility": 2, "address": "Z\u00e1most\u00ed 684/1, 500 03 Hradec Kr\u00e1lov\u00e9", "gps": null, "website": "http://acklubhk.cz"}}, {"model": "profiles.profile", "pk": 1, "fields": {"name": "Alena Mudrov\u00e1 Kadlecov\u00e1", "created": "2019-02-08T07:49:44.490Z", "modified": "2019-02-08T07:49:44.490Z", "visibility": 2, "slug": "alena-mudrova-kadlecova", "about": "Al\u010da", "group": 1}}, {"model": "profiles.profile", "pk": 2, "fields": {"name": "Jana Mart\u00ednkov\u00e1", "created": "2019-02-08T07:49:59.639Z", "modified": "2019-02-08T07:49:59.639Z", "visibility": 2, "slug": "jana-martinkova", "about": "Jan\u010da", "group": 1}}, {"model": "profiles.profile", "pk": 3, "fields": {"name": "Ond\u0159ej Svoboda", "created": "2019-02-08T07:50:30.819Z", "modified": "2019-02-08T07:50:30.819Z", "visibility": 2, "slug": "ondrej-svoboda", "about": "Ondra", "group": 1}}, {"model": "profiles.profile", "pk": 4, "fields": {"name": "Jan Form\u00e1nek", "created": "2019-02-08T07:51:24.540Z", "modified": "2019-02-08T07:51:24.540Z", "visibility": 2, "slug": "jan-formanek", "about": "Honza", "group": 1}}, {"model": "profiles.profile", "pk": 5, "fields": {"name": "Marcel Mika", "created": "2019-02-08T07:52:49.279Z", "modified": "2019-02-08T07:52:49.279Z", "visibility": 2, "slug": "marcel-mika", "about": "Marcel", "group": 1}}, {"model": "profiles.profile", "pk": 6, "fields": {"name": "Barbora Mudrov\u00e1", "created": "2019-02-08T07:53:06.334Z", "modified": "2019-02-08T07:53:06.334Z", "visibility": 2, "slug": "barbora-mudrova", "about": "B\u00e1ra", "group": null}}, {"model": "profiles.profile", "pk": 7, "fields": {"name": "David Frinta", "created": "2019-02-08T07:53:19.413Z", "modified": "2019-02-08T07:53:19.413Z", "visibility": 2, "slug": "david-frinta", "about": "David", "group": null}}, {"model": "profiles.profile", "pk": 8, "fields": {"name": "Jakub K\u0159\u00ed\u017e", "created": "2019-02-08T07:53:37.069Z", "modified": "2019-02-08T07:53:37.069Z", "visibility": 2, "slug": "jakub-kriz", "about": "Kuba", "group": null}}, {"model": "profiles.profile", "pk": 9, "fields": {"name": "Jan Drahor\u00e1d", "created": "2019-02-08T07:54:27.778Z", "modified": "2019-02-08T07:54:27.778Z", "visibility": 2, "slug": "jan-drahorad", "about": "Drahou\u0161", "group": null}}, {"model": "profiles.profile", "pk": 10, "fields": {"name": "Mark\u00e9ta Vlkov\u00e1", "created": "2019-02-08T07:54:48.796Z", "modified": "2019-02-08T07:54:48.796Z", "visibility": 2, "slug": "marketa-vlkova", "about": "Mark\u00e9ta", "group": null}}, {"model": "profiles.profile", "pk": 11, "fields": {"name": "Sv\u011btlana Germekov\u00e1", "created": "2019-02-08T07:56:04.401Z", "modified": "2019-02-08T07:56:04.401Z", "visibility": 2, "slug": "svetlana-germekova", "about": "Sv\u011btla", "group": null}}, {"model": "profiles.profile", "pk": 12, "fields": {"name": "Pavel O\u0161krkan\u00fd", "created": "2019-02-08T07:56:25.511Z", "modified": "2019-02-08T07:56:25.511Z", "visibility": 2, "slug": "pavel-oskrkany", "about": "Pavel", "group": null}}, {"model": "profiles.profile", "pk": 13, "fields": {"name": "Pavel Taufer", "created": "2019-02-08T07:56:42.981Z", "modified": "2019-02-08T07:56:42.981Z", "visibility": 2, "slug": "pavel-taufer", "about": "Pavel", "group": 1}}, {"model": "profiles.profile", "pk": 14, "fields": {"name": "Pavel \u017d\u00e1k", "created": "2019-02-08T07:57:06.069Z", "modified": "2019-02-08T07:57:06.069Z", "visibility": 2, "slug": "pavel-zak", "about": "1", "group": null}}, {"model": "profiles.profile", "pk": 15, "fields": {"name": "V\u00e1clav Mich\u00e1lek", "created": "2019-02-08T07:57:23.371Z", "modified": "2019-02-08T07:57:23.371Z", "visibility": 2, "slug": "vaclav-michalek", "about": "Jay", "group": 2}}, {"model": "profiles.profile", "pk": 16, "fields": {"name": "Kate\u0159ina Nov\u00e1kov\u00e1", "created": "2019-04-14T20:53:23.365Z", "modified": "2019-04-14T20:53:23.366Z", "visibility": 2, "slug": "katerina-novakova", "about": "Ka\u010dka Nov\u00e1kov\u00e1", "group": 1}}, {"model": "profiles.profile", "pk": 18, "fields": {"name": "V\u00edt Vr\u0161n\u00edk", "created": "2019-04-14T20:56:44.418Z", "modified": "2019-04-14T20:56:44.418Z", "visibility": 2, "slug": "vit-vrsnik-2", "about": "V\u00ed\u0165a Vr\u0161n\u00edk", "group": 1}}, {"model": "profiles.profile", "pk": 19, "fields": {"name": "Zuzana Vodi\u010dkov\u00e1", "created": "2019-04-14T21:08:10.425Z", "modified": "2019-04-14T22:47:19.294Z", "visibility": 2, "slug": "zuzana-vodickova", "about": "Zuzka", "group": null}}, {"model": "profiles.profile", "pk": 20, "fields": {"name": "Eva Makovcov\u00e1", "created": "2019-04-14T21:11:12.094Z", "modified": "2019-04-14T21:11:12.094Z", "visibility": 2, "slug": "eva-makovcova", "about": "Efka", "group": 1}}, {"model": "profiles.profile", "pk": 21, "fields": {"name": "Izabela \u0160t\u011bp\u00e1nkov\u00e1", "created": "2019-04-14T21:12:19.745Z", "modified": "2019-04-14T22:47:23.890Z", "visibility": 2, "slug": "izabela-stepankova", "about": "Izabela \u0160t\u011bp\u00e1nkov\u00e1", "group": null}}, {"model": "profiles.profile", "pk": 22, "fields": {"name": "Jakub Oujesk\u00fd", "created": "2019-04-14T21:16:54.275Z", "modified": "2019-04-15T01:29:35.526Z", "visibility": 2, "slug": "jakub-oujesky", "about": "Jakub Oujesk\u00fd", "group": null}}, {"model": "profiles.profile", "pk": 23, "fields": {"name": "\u017daneta Bu\u0161ov\u00e1", "created": "2019-04-14T21:17:23.969Z", "modified": "2019-04-14T22:46:02.941Z", "visibility": 2, "slug": "zaneta", "about": "\u017danda", "group": null}}, {"model": "profiles.profile", "pk": 24, "fields": {"name": "Michaela Puchalkov\u00e1", "created": "2019-04-14T21:50:01.487Z", "modified": "2019-04-14T21:50:01.487Z", "visibility": 2, "slug": "michaela-puchalkova", "about": "M\u00ed\u0161a Puchalkov\u00e1", "group": null}}, {"model": "profiles.profile", "pk": 25, "fields": {"name": "Pavel Zeman", "created": "2019-04-14T21:52:10.177Z", "modified": "2019-04-14T22:47:28.419Z", "visibility": 2, "slug": "pavel-zeman", "about": "Pavel Zeman", "group": null}}, {"model": "profiles.profile", "pk": 26, "fields": {"name": "Michal Musil", "created": "2019-04-14T21:52:23.730Z", "modified": "2019-04-14T21:52:23.730Z", "visibility": 2, "slug": "michal-musil", "about": "Michal Musil", "group": null}}, {"model": "profiles.profile", "pk": 27, "fields": {"name": "Mark\u00e9ta Kopeck\u00e1", "created": "2019-04-14T21:52:43.447Z", "modified": "2019-04-14T22:47:30.796Z", "visibility": 2, "slug": "marketa-kopecka", "about": "Mark\u00e9ta Kopeck\u00e1", "group": null}}, {"model": "profiles.profile", "pk": 28, "fields": {"name": "Rebecca Vernerov\u00e1", "created": "2019-04-14T22:03:10.773Z", "modified": "2019-04-14T22:03:10.773Z", "visibility": 2, "slug": "rebecca-vernerova", "about": "Becky", "group": 1}}, {"model": "profiles.profile", "pk": 29, "fields": {"name": "Pavel Wieser", "created": "2019-04-14T22:10:19.511Z", "modified": "2019-04-14T22:10:19.511Z", "visibility": 2, "slug": "pavel-wieser", "about": "Pavel Wieser", "group": 1}}, {"model": "profiles.profile", "pk": 30, "fields": {"name": "Viktor Koz\u00e1k", "created": "2019-04-14T22:26:47.749Z", "modified": "2019-04-14T22:47:33.075Z", "visibility": 2, "slug": "viktor-kozak", "about": "Viktor Koz\u00e1k", "group": null}}, {"model": "profiles.profile", "pk": 31, "fields": {"name": "Ji\u0159\u00ed Valenta", "created": "2019-04-14T22:27:38.544Z", "modified": "2019-04-14T22:47:35.124Z", "visibility": 2, "slug": "jiri-valenta", "about": "Ji\u0159\u00ed Valenta", "group": null}}, {"model": "profiles.profile", "pk": 32, "fields": {"name": "Vladim\u00edr Pachol\u00edk", "created": "2019-04-14T22:28:10.481Z", "modified": "2019-04-14T22:47:37.420Z", "visibility": 2, "slug": "vladimir-pacholik", "about": "Vladim\u00edr Pachol\u00edk", "group": null}}, {"model": "profiles.profile", "pk": 33, "fields": {"name": "Kate\u0159ina Bl\u00e1hov\u00e1", "created": "2019-04-14T22:29:19.308Z", "modified": "2019-04-14T22:29:19.308Z", "visibility": 2, "slug": "katerina-blahova", "about": "Kate\u0159ina Bl\u00e1hov\u00e1", "group": null}}, {"model": "profiles.profile", "pk": 34, "fields": {"name": "Lilly Dra\u010dkov\u00e1", "created": "2019-04-14T22:34:47.517Z", "modified": "2019-04-14T22:34:47.517Z", "visibility": 2, "slug": "lilly-drackova", "about": ".", "group": null}}, {"model": "profiles.profile", "pk": 35, "fields": {"name": "V\u00e1clav T\u016fma", "created": "2019-04-14T22:37:26.818Z", "modified": "2019-04-14T22:46:18.871Z", "visibility": 2, "slug": "vaclav-tuma", "about": "Va\u0161ek T\u016fma", "group": null}}, {"model": "profiles.profile", "pk": 36, "fields": {"name": "Vladim\u00edr Piskala", "created": "2019-04-15T11:58:14.154Z", "modified": "2019-04-15T11:58:14.154Z", "visibility": 2, "slug": "vladimir-piskala", "about": "Vladim\u00edr Piskala", "group": null}}, {"model": "profiles.profile", "pk": 37, "fields": {"name": "Mark\u00e9ta Vlkov\u00e1", "created": "2019-04-15T11:59:03.494Z", "modified": "2019-04-15T11:59:03.494Z", "visibility": 2, "slug": "marketa-vlkova-2", "about": "Mark\u00e9ta Vlkov\u00e1", "group": null}}, {"model": "profiles.profile", "pk": 38, "fields": {"name": "Nikola Orozovi\u010d", "created": "2019-04-15T12:00:04.196Z", "modified": "2019-04-15T12:00:04.196Z", "visibility": 2, "slug": "nikola-orozovic", "about": "Nikola Orozovi\u010d", "group": null}}, {"model": "profiles.profile", "pk": 39, "fields": {"name": "Karol\u00edna Stehl\u00edkov\u00e1", "created": "2019-04-15T12:08:20.905Z", "modified": "2019-04-15T12:08:20.905Z", "visibility": 2, "slug": "karolina-stehlikova", "about": "Karol\u00edna Stehl\u00edkov\u00e1", "group": null}}, {"model": "profiles.profile", "pk": 40, "fields": {"name": "Jan Dibitanzl", "created": "2019-04-15T12:10:33.436Z", "modified": "2019-04-15T12:10:33.436Z", "visibility": 2, "slug": "jan-dibitanzl", "about": "Jan Dibitanzl", "group": null}}, {"model": "profiles.profile", "pk": 41, "fields": {"name": "Ad\u00e9la Hrdli\u010dkov\u00e1", "created": "2019-04-15T12:10:55.768Z", "modified": "2019-04-15T12:10:55.768Z", "visibility": 2, "slug": "adela-hrdlickova", "about": "Ad\u00e9la Hrdli\u010dkov\u00e1", "group": null}}, {"model": "profiles.profile", "pk": 42, "fields": {"name": "Jana \u0160t\u00edplov\u00e1", "created": "2019-04-15T12:11:14.056Z", "modified": "2019-04-15T12:11:14.056Z", "visibility": 2, "slug": "jana-stiplova", "about": "Jana \u0160t\u00edplov\u00e1", "group": null}}, {"model": "profiles.profile", "pk": 43, "fields": {"name": "Daniel K\u00e1dner", "created": "2019-04-15T12:20:23.117Z", "modified": "2019-04-15T12:20:23.117Z", "visibility": 2, "slug": "daniel-kadner", "about": "Dan K\u00e1dner", "group": 3}}, {"model": "profiles.profile", "pk": 44, "fields": {"name": "Karel Ko\u0159\u00ednek", "created": "2019-04-15T12:23:13.560Z", "modified": "2019-04-15T12:23:13.560Z", "visibility": 2, "slug": "karel-korinek", "about": ".", "group": null}}, {"model": "profiles.profile", "pk": 45, "fields": {"name": "Martin Hole\u010dek", "created": "2019-04-15T12:26:54.884Z", "modified": "2019-04-15T12:26:54.884Z", "visibility": 2, "slug": "martin-holecek", "about": "Holi", "group": null}}, {"model": "profiles.profile", "pk": 46, "fields": {"name": "\u0160\u00e1rka Bicanov\u00e1", "created": "2019-04-15T12:27:24.714Z", "modified": "2019-04-15T12:27:24.714Z", "visibility": 2, "slug": "sarka-bicanova", "about": "\u0160\u00e1rka Bicanov\u00e1", "group": null}}, {"model": "profiles.profile", "pk": 47, "fields": {"name": "Mark\u00e9ta Nov\u00e1kov\u00e1", "created": "2019-04-15T12:48:42.184Z", "modified": "2019-04-15T12:48:42.184Z", "visibility": 2, "slug": "marketa-novakova", "about": "Mark\u00e9ta Nov\u00e1kov\u00e1", "group": 3}}, {"model": "profiles.profile", "pk": 48, "fields": {"name": "Dominika J\u00edrov\u00e1", "created": "2019-04-15T12:52:16.811Z", "modified": "2019-04-15T12:52:16.811Z", "visibility": 2, "slug": "dominika-jirova", "about": "Dominika J\u00edrov\u00e1", "group": 3}}, {"model": "profiles.profile", "pk": 49, "fields": {"name": "Mark\u00e9ta Gregorov\u00e1", "created": "2019-04-15T13:09:53.463Z", "modified": "2019-04-15T13:09:53.463Z", "visibility": 2, "slug": "marketa-gregorova", "about": "Mark\u00e9ta Gregorov\u00e1", "group": 1}}, {"model": "profiles.profile", "pk": 50, "fields": {"name": "Edita Radvansk\u00e1", "created": "2019-04-15T13:11:12.135Z", "modified": "2019-04-15T13:11:12.135Z", "visibility": 2, "slug": "edita-radvanska", "about": "Edita Radvansk\u00e1", "group": null}}, {"model": "profiles.profile", "pk": 51, "fields": {"name": "NotyNe", "created": "2019-04-15T13:12:38.154Z", "modified": "2019-04-15T13:12:38.154Z", "visibility": 2, "slug": "notyne", "about": "NotyNe", "group": null}}, {"model": "profiles.profile", "pk": 52, "fields": {"name": "Kamila Nov\u00e1kov\u00e1", "created": "2019-04-15T13:37:03.775Z", "modified": "2019-04-15T13:37:03.775Z", "visibility": 2, "slug": "kamila-novakova", "about": "Kamila Nov\u00e1kov\u00e1", "group": 3}}, {"model": "profiles.profile", "pk": 53, "fields": {"name": "Michaela Pappov\u00e1", "created": "2019-04-15T13:37:41.234Z", "modified": "2019-04-15T13:37:41.234Z", "visibility": 2, "slug": "michaela-pappova", "about": "Michaela Pappov\u00e1", "group": null}}, {"model": "profiles.profile", "pk": 54, "fields": {"name": "Tereza Kosov\u00e1", "created": "2019-04-15T13:38:45.114Z", "modified": "2019-04-15T13:38:45.114Z", "visibility": 2, "slug": "tereza-kosova", "about": "Terka Kosov\u00e1", "group": null}}, {"model": "profiles.profile", "pk": 55, "fields": {"name": "Mat\u011bj Brumlich", "created": "2019-04-15T13:39:20.724Z", "modified": "2019-04-15T13:39:20.724Z", "visibility": 2, "slug": "matej-brumlich", "about": "Mat\u011bj Brumlich", "group": null}}, {"model": "profiles.profile", "pk": 56, "fields": {"name": "Marc Dexter Cram", "created": "2019-04-15T13:53:02.416Z", "modified": "2019-04-15T13:53:02.416Z", "visibility": 2, "slug": "marc-dexter-cram", "about": "Marc Dexter Cram", "group": null}}, {"model": "profiles.profile", "pk": 57, "fields": {"name": "Jim High", "created": "2019-04-15T13:53:26.378Z", "modified": "2019-04-15T13:53:26.378Z", "visibility": 2, "slug": "jim-high", "about": "Jim High", "group": null}}, {"model": "profiles.profile", "pk": 58, "fields": {"name": "Jeff Koch", "created": "2019-04-15T13:53:56.547Z", "modified": "2019-04-15T13:53:56.547Z", "visibility": 2, "slug": "jeff-koch", "about": "Jeff Koch", "group": null}}, {"model": "profiles.profile", "pk": 59, "fields": {"name": "Tereza Zik\u00e1nov\u00e1", "created": "2019-04-15T14:26:48.252Z", "modified": "2019-04-15T14:26:48.252Z", "visibility": 2, "slug": "tereza-zikanova", "about": "Terka Zik\u00e1nov\u00e1", "group": null}}, {"model": "profiles.profile", "pk": 60, "fields": {"name": "Michaela Konop\u00e1skov\u00e1", "created": "2019-04-15T14:27:13.896Z", "modified": "2019-04-15T14:27:13.896Z", "visibility": 2, "slug": "michaela-konopaskova", "about": "Michaela Konop\u00e1skov\u00e1", "group": null}}, {"model": "profiles.profile", "pk": 61, "fields": {"name": "V\u00e1clav \u010cern\u00fd", "created": "2019-04-15T14:27:33.437Z", "modified": "2019-04-15T14:27:33.437Z", "visibility": 2, "slug": "vaclav-cerny", "about": "Va\u0161ek \u010cern\u00fd", "group": null}}, {"model": "profiles.profile", "pk": 62, "fields": {"name": "Alena Kardov\u00e1", "created": "2019-04-15T14:28:12.772Z", "modified": "2019-04-15T14:28:12.772Z", "visibility": 2, "slug": "alena-kardova", "about": "Alena Kardov\u00e1", "group": null}}, {"model": "profiles.profile", "pk": 63, "fields": {"name": "Ji\u0159\u00ed Hv\u011bzdo\u0148", "created": "2019-04-15T14:28:37.225Z", "modified": "2019-04-15T14:28:37.225Z", "visibility": 2, "slug": "jiri-hvezdon", "about": "Ji\u0159\u00ed Hv\u011bzdo\u0148", "group": null}}, {"model": "profiles.profile", "pk": 64, "fields": {"name": "Ond\u0159ej Wencl", "created": "2019-04-15T20:06:13.642Z", "modified": "2019-04-15T20:06:13.643Z", "visibility": 2, "slug": "ondrej-wencl", "about": "Koumes", "group": null}}, {"model": "profiles.profile", "pk": 65, "fields": {"name": "Martin Mysl\u00edk", "created": "2019-04-15T20:10:09.014Z", "modified": "2019-04-15T20:10:09.014Z", "visibility": 2, "slug": "martin-myslik", "about": "Smajl", "group": null}}, {"model": "profiles.profile", "pk": 66, "fields": {"name": "Martin Hole\u010dek", "created": "2019-04-15T20:12:51.025Z", "modified": "2019-04-15T20:12:51.025Z", "visibility": 2, "slug": "martin-holecek-2", "about": "Holi", "group": null}}, {"model": "profiles.profile", "pk": 67, "fields": {"name": "Josef Fischer", "created": "2019-04-15T21:19:42.859Z", "modified": "2019-04-15T21:19:42.859Z", "visibility": 2, "slug": "josef-fischer", "about": "Josef Fischer", "group": null}}, {"model": "profiles.profile", "pk": 68, "fields": {"name": "Ond\u0159ej Soukup", "created": "2019-04-15T21:34:49.017Z", "modified": "2019-04-15T21:38:17.602Z", "visibility": 2, "slug": "temp", "about": "Temp", "group": null}}, {"model": "profiles.profile", "pk": 69, "fields": {"name": "Michal Skalick\u00fd", "created": "2019-04-15T21:35:10.925Z", "modified": "2019-04-15T21:35:10.925Z", "visibility": 2, "slug": "michal-skalicky", "about": "\u0160\u0165\u00e1va", "group": null}}, {"model": "profiles.profile", "pk": 70, "fields": {"name": "Eli\u0161ka Kahudov\u00e1", "created": "2019-04-15T21:35:41.072Z", "modified": "2019-04-15T21:35:41.072Z", "visibility": 2, "slug": "eliska-kahudova", "about": "Eli\u0161ka Kahudov\u00e1", "group": null}}, {"model": "profiles.profile", "pk": 71, "fields": {"name": "Helena Morcov\u00e1", "created": "2019-04-15T21:36:38.900Z", "modified": "2019-04-15T21:36:38.900Z", "visibility": 2, "slug": "helena-morcova", "about": "Helena Morcov\u00e1", "group": null}}, {"model": "profiles.profile", "pk": 72, "fields": {"name": "Michaela Kernerov\u00e1", "created": "2019-04-15T21:37:01.803Z", "modified": "2019-04-15T21:37:01.803Z", "visibility": 2, "slug": "michaela-kernerova", "about": "Michaela Kernerov\u00e1", "group": null}}, {"model": "profiles.profilegroup", "pk": 1, "fields": {"name": "Polo\u010das\u00ed herci", "public": true}}, {"model": "profiles.profilegroup", "pk": 2, "fields": {"name": "Polo\u010das\u00ed hudebn\u00edci", "public": true}}, {"model": "profiles.profilegroup", "pk": 3, "fields": {"name": "Emeritn\u00ed \u010dlenov\u00e9", "public": true}}, {"model": "shows.show", "pk": 1, "fields": {"description": "z", "name": "Polo\u010das n\u00e1padu vs Kino", "created": "2019-02-08T07:50:59.791Z", "modified": "2019-02-08T07:57:30.675Z", "visibility": 2, "slug": "polocas-napadu-vs-kino", "start": "2019-02-08T19:30:00Z", "end": "2019-02-08T21:30:00Z", "all_day": false, "location": 1, "show_type": 1}}, {"model": "shows.show", "pk": 2, "fields": {"description": ".", "name": "Dvouhodinov\u00fd motel", "created": "2019-04-14T20:59:02.476Z", "modified": "2019-04-14T20:59:02.476Z", "visibility": 2, "slug": "dvouhodinovy-motel", "start": "2019-03-08T19:30:00Z", "end": null, "all_day": false, "location": 1, "show_type": 5}}, {"model": "shows.show", "pk": 3, "fields": {"description": ".", "name": "L\u00edsky vs. Polo\u010das n\u00e1padu", "created": "2019-04-14T21:17:35.988Z", "modified": "2019-04-15T01:32:36.034Z", "visibility": 2, "slug": "polocas-napadu-vs-lisky", "start": "2019-01-18T20:00:00Z", "end": null, "all_day": false, "location": 2, "show_type": 1}}, {"model": "shows.show", "pk": 4, "fields": {"description": ".", "name": "Polo\u010das n\u00e1padu vs R.A.C.I.", "created": "2019-04-14T21:38:57.346Z", "modified": "2019-04-14T21:38:57.346Z", "visibility": 2, "slug": "polocas-napadu-vs-raci", "start": "2019-01-07T19:30:00Z", "end": "2019-01-07T21:30:00Z", "all_day": false, "location": 3, "show_type": 1}}, {"model": "shows.show", "pk": 5, "fields": {"description": ".", "name": "Ostrov, kter\u00fd jsem p\u0159ehl\u00edd", "created": "2019-04-14T21:44:12.395Z", "modified": "2019-04-14T21:44:12.395Z", "visibility": 2, "slug": "ostrov-ktery-jsem-prehlid", "start": "2018-12-19T19:30:00Z", "end": "2018-12-19T21:45:00Z", "all_day": false, "location": 1, "show_type": 6}}, {"model": "shows.show", "pk": 6, "fields": {"description": ".", "name": "Polo\u010das n\u00e1padu vs L\u00edsky", "created": "2019-04-14T21:53:02.829Z", "modified": "2019-04-14T21:53:02.829Z", "visibility": 2, "slug": "polocas-napadu-vs-lisky-2", "start": "2018-11-09T19:30:00Z", "end": null, "all_day": false, "location": 1, "show_type": 1}}, {"model": "shows.show", "pk": 7, "fields": {"description": ".", "name": "Impro kombo", "created": "2019-04-14T22:03:35.449Z", "modified": "2019-04-14T22:03:35.449Z", "visibility": 2, "slug": "impro-kombo", "start": "2018-10-25T19:30:00Z", "end": null, "all_day": false, "location": 1, "show_type": 2}}, {"model": "shows.show", "pk": 8, "fields": {"description": ".", "name": "R\u00e1dio Polo\u010das na V\u0160EFEST 2018", "created": "2019-04-14T22:10:46.294Z", "modified": "2019-04-14T22:10:46.294Z", "visibility": 2, "slug": "radio-polocas-na-vsefest-2018", "start": "2018-09-26T20:00:00Z", "end": "2018-09-26T20:45:00Z", "all_day": false, "location": 4, "show_type": 2}}, {"model": "shows.show", "pk": 9, "fields": {"description": ".", "name": "R\u00e1dio Polo\u010das, ve\u0159ejn\u00e1 zkou\u0161ka", "created": "2019-04-14T22:23:26.053Z", "modified": "2019-04-14T22:23:26.053Z", "visibility": 2, "slug": "radio-polocas-verejna-zkouska", "start": "2018-08-27T19:30:00Z", "end": "2018-08-27T21:00:00Z", "all_day": false, "location": 5, "show_type": 2}}, {"model": "shows.show", "pk": 10, "fields": {"description": ".", "name": "Polo\u010das n\u00e1padu vs Dotiky", "created": "2019-04-14T22:29:35.060Z", "modified": "2019-04-14T22:29:35.060Z", "visibility": 2, "slug": "polocas-napadu-vs-dotiky", "start": "2018-06-15T19:30:00Z", "end": null, "all_day": false, "location": 1, "show_type": 1}}, {"model": "shows.show", "pk": 11, "fields": {"description": ".", "name": "KOPR vs Polo\u010das n\u00e1padu", "created": "2019-04-14T22:38:29.217Z", "modified": "2019-04-14T22:38:29.217Z", "visibility": 2, "slug": "kopr-vs-polocas-napadu", "start": "2018-04-19T19:30:00Z", "end": "2018-04-19T21:30:00Z", "all_day": false, "location": 6, "show_type": 1}}, {"model": "shows.show", "pk": 12, "fields": {"description": ".", "name": "Polo\u010das n\u00e1padu vs KLIKA", "created": "2019-04-15T12:03:56.931Z", "modified": "2019-04-15T12:04:14.189Z", "visibility": 2, "slug": "polocas-napadu-vs-klika", "start": "2018-03-29T19:30:00Z", "end": null, "all_day": false, "location": 1, "show_type": 1}}, {"model": "shows.show", "pk": 13, "fields": {"description": ".", "name": "Polo\u010das n\u00e1padu vs ImproTi", "created": "2019-04-15T12:12:30.301Z", "modified": "2019-04-15T12:12:30.301Z", "visibility": 2, "slug": "polocas-napadu-vs-improti", "start": "2018-02-08T19:30:00Z", "end": null, "all_day": false, "location": 1, "show_type": 1}}, {"model": "shows.show", "pk": 14, "fields": {"description": ".", "name": "Polo\u010das n\u00e1padu vs VIP", "created": "2019-04-15T12:27:59.273Z", "modified": "2019-04-15T12:27:59.273Z", "visibility": 2, "slug": "polocas-napadu-vs-vip", "start": "2017-12-08T19:30:00Z", "end": null, "all_day": false, "location": 1, "show_type": 1}}, {"model": "shows.show", "pk": 15, "fields": {"description": ".", "name": "Odpoledn\u00ed improshow pro d\u011bti v klubu KlonDike, Pec pod Sn\u011b\u017ekou", "created": "2019-04-15T12:52:50.818Z", "modified": "2019-04-15T12:52:50.818Z", "visibility": 2, "slug": "odpoledni-improshow-pro-deti-v-klubu-klondike-pec", "start": "2017-11-18T16:00:00Z", "end": null, "all_day": false, "location": 7, "show_type": 3}}, {"model": "shows.show", "pk": 16, "fields": {"description": ".", "name": "Ve\u010dern\u00ed improshow v klubu KlonDike, Pec pod Sn\u011b\u017ekou", "created": "2019-04-15T13:02:53.022Z", "modified": "2019-04-15T13:02:53.022Z", "visibility": 2, "slug": "vecerni-improshow-v-klubu-klondike-pec-pod-snezkou", "start": "2017-11-17T20:00:00Z", "end": null, "all_day": false, "location": 7, "show_type": 3}}, {"model": "shows.show", "pk": 17, "fields": {"description": ".", "name": "Polo\u010das n\u00e1padu vs KI\u0160", "created": "2019-04-15T13:14:57.716Z", "modified": "2019-04-15T13:14:57.716Z", "visibility": 2, "slug": "polocas-napadu-vs-kis", "start": "2017-11-06T19:30:00Z", "end": null, "all_day": false, "location": 1, "show_type": 1}}, {"model": "shows.show", "pk": 18, "fields": {"description": ".", "name": "Za\u017e\u00edt V\u00e1clav\u00e1k jinak", "created": "2019-04-15T13:29:49.354Z", "modified": "2019-04-15T13:29:49.354Z", "visibility": 2, "slug": "zazit-vaclavak-jinak", "start": "2017-09-19T19:20:00Z", "end": "2017-09-19T19:40:00Z", "all_day": false, "location": 8, "show_type": 3}}, {"model": "shows.show", "pk": 19, "fields": {"description": ".", "name": "TV Improshow", "created": "2019-04-15T13:35:07.049Z", "modified": "2019-04-15T13:40:32.726Z", "visibility": 2, "slug": "tv-improshow", "start": "2017-06-08T20:00:00Z", "end": "2017-06-08T21:00:00Z", "all_day": false, "location": 9, "show_type": 4}}, {"model": "shows.show", "pk": 20, "fields": {"description": ".", "name": "TV Improshow", "created": "2019-04-15T13:39:30.641Z", "modified": "2019-04-15T13:39:30.641Z", "visibility": 2, "slug": "tv-improshow-2", "start": "2017-06-08T21:00:00Z", "end": "2017-06-08T22:00:00Z", "all_day": false, "location": 9, "show_type": 3}}, {"model": "shows.show", "pk": 21, "fields": {"description": ".", "name": "BLR vs Polo\u010das n\u00e1padu: Improv Comedy Battle Series", "created": "2019-04-15T13:55:18.544Z", "modified": "2019-04-15T22:08:20.167Z", "visibility": 2, "slug": "blr-vs-polocas-napadu-improv-comedy-battle-series", "start": "2017-06-02T19:45:00Z", "end": null, "all_day": false, "location": 10, "show_type": 1}}, {"model": "shows.show", "pk": 22, "fields": {"description": "4. m\u00edsto v sout\u011b\u017ei Improliga 2017", "name": "Improliga 2017", "created": "2019-04-15T14:11:41.439Z", "modified": "2019-04-15T14:11:41.439Z", "visibility": 2, "slug": "improliga-2017", "start": "2017-05-26T18:00:00Z", "end": "2017-05-26T20:00:00Z", "all_day": false, "location": 11, "show_type": 7}}, {"model": "shows.show", "pk": 23, "fields": {"description": ".", "name": "KI\u0160 vs. Polo\u010das n\u00e1padu", "created": "2019-04-15T14:29:11.903Z", "modified": "2019-04-15T14:29:11.903Z", "visibility": 2, "slug": "kis-vs-polocas-napadu", "start": "2017-05-25T20:00:00Z", "end": null, "all_day": false, "location": 12, "show_type": 1}}, {"model": "shows.show", "pk": 24, "fields": {"description": ".", "name": "Dotiky vs Polo\u010das n\u00e1padu", "created": "2019-04-15T14:41:25.275Z", "modified": "2019-04-15T14:41:25.275Z", "visibility": 2, "slug": "dotiky-vs-polocas-napadu", "start": "2017-05-12T19:30:00Z", "end": null, "all_day": false, "location": 13, "show_type": 1}}, {"model": "shows.show", "pk": 25, "fields": {"description": ".", "name": "VIP vs Polo\u010das n\u00e1padu", "created": "2019-04-15T20:19:35.906Z", "modified": "2019-04-15T20:19:35.906Z", "visibility": 2, "slug": "vip-vs-polocas-napadu", "start": "2017-03-24T19:30:00Z", "end": null, "all_day": false, "location": 14, "show_type": 1}}, {"model": "shows.show", "pk": 26, "fields": {"description": "zru\u0161eno kv\u016fli technick\u00fdm pot\u00ed\u017e\u00edm divadeln\u00edho prostoru v Libereci", "name": "Divadlo Podiv\u00edn vs Polo\u010das n\u00e1padu - ZRU\u0160ENO (TECHNICK\u00c9 POT\u00cd\u017dE)", "created": "2019-04-15T20:38:51.328Z", "modified": "2019-04-15T20:38:51.328Z", "visibility": 2, "slug": "divadlo-podivin-vs-polocas-napadu-zruseno-technick", "start": "2017-02-04T19:30:00Z", "end": null, "all_day": false, "location": 15, "show_type": 1}}, {"model": "shows.show", "pk": 27, "fields": {"description": ".", "name": "P\u0159\u00edb\u011bhy z motelu", "created": "2019-04-15T20:51:05.547Z", "modified": "2019-04-15T20:51:05.547Z", "visibility": 2, "slug": "pribehy-z-motelu", "start": "2017-02-17T19:30:00Z", "end": null, "all_day": false, "location": 9, "show_type": 1}}, {"model": "shows.show", "pk": 28, "fields": {"description": ".", "name": "\u00dapln\u011b norm\u00e1ln\u00ed zpr\u00e1vy", "created": "2019-04-15T20:55:56.129Z", "modified": "2019-04-15T20:55:56.129Z", "visibility": 2, "slug": "uplne-normalni-zpravy", "start": "2017-01-21T19:30:00Z", "end": null, "all_day": false, "location": 9, "show_type": 4}}, {"model": "shows.show", "pk": 29, "fields": {"description": ".", "name": "V\u00e1no\u010dn\u00ed improspeci\u00e1l", "created": "2019-04-15T21:26:06.076Z", "modified": "2019-04-15T21:26:06.076Z", "visibility": 2, "slug": "vanocni-improspecial", "start": "2016-12-16T19:30:00Z", "end": null, "all_day": false, "location": 9, "show_type": 3}}, {"model": "shows.show", "pk": 30, "fields": {"description": ".", "name": "B.I.Z.O.N.I. vs Polo\u010das n\u00e1padu", "created": "2019-04-15T21:42:19.423Z", "modified": "2019-04-15T21:42:19.423Z", "visibility": 2, "slug": "bizoni-vs-polocas-napadu", "start": "2016-11-29T19:30:00Z", "end": null, "all_day": false, "location": 16, "show_type": 1}}, {"model": "shows.showparticipant", "pk": 1, "fields": {"created": "2019-02-08T07:50:59.796Z", "modified": "2019-02-08T07:52:10.531Z", "show": 1, "profile": 1, "role": 2}}, {"model": "shows.showparticipant", "pk": 2, "fields": {"created": "2019-02-08T07:50:59.798Z", "modified": "2019-02-08T07:50:59.798Z", "show": 1, "profile": 3, "role": 2}}, {"model": "shows.showparticipant", "pk": 3, "fields": {"created": "2019-02-08T07:51:46.950Z", "modified": "2019-02-08T07:51:46.950Z", "show": 1, "profile": 2, "role": 3}}, {"model": "shows.showparticipant", "pk": 4, "fields": {"created": "2019-02-08T07:51:46.952Z", "modified": "2019-02-08T07:51:46.952Z", "show": 1, "profile": 4, "role": 4}}, {"model": "shows.showparticipant", "pk": 5, "fields": {"created": "2019-02-08T07:53:51.252Z", "modified": "2019-02-08T07:53:51.252Z", "show": 1, "profile": 5, "role": 2}}, {"model": "shows.showparticipant", "pk": 6, "fields": {"created": "2019-02-08T07:53:51.253Z", "modified": "2019-02-08T07:53:51.253Z", "show": 1, "profile": 6, "role": 2}}, {"model": "shows.showparticipant", "pk": 7, "fields": {"created": "2019-02-08T07:53:51.255Z", "modified": "2019-02-08T07:53:51.255Z", "show": 1, "profile": 7, "role": 5}}, {"model": "shows.showparticipant", "pk": 8, "fields": {"created": "2019-02-08T07:53:51.256Z", "modified": "2019-02-08T07:53:51.256Z", "show": 1, "profile": 8, "role": 5}}, {"model": "shows.showparticipant", "pk": 9, "fields": {"created": "2019-02-08T07:57:30.677Z", "modified": "2019-02-08T07:57:30.677Z", "show": 1, "profile": 9, "role": 6}}, {"model": "shows.showparticipant", "pk": 10, "fields": {"created": "2019-02-08T07:57:30.679Z", "modified": "2019-02-08T07:57:30.679Z", "show": 1, "profile": 11, "role": 2}}, {"model": "shows.showparticipant", "pk": 11, "fields": {"created": "2019-02-08T07:57:30.681Z", "modified": "2019-02-08T07:57:30.681Z", "show": 1, "profile": 12, "role": 2}}, {"model": "shows.showparticipant", "pk": 12, "fields": {"created": "2019-02-08T07:57:30.682Z", "modified": "2019-02-08T07:57:30.682Z", "show": 1, "profile": 13, "role": 3}}, {"model": "shows.showparticipant", "pk": 13, "fields": {"created": "2019-02-08T07:57:30.684Z", "modified": "2019-02-08T07:57:30.684Z", "show": 1, "profile": 14, "role": 4}}, {"model": "shows.showparticipant", "pk": 14, "fields": {"created": "2019-02-08T07:57:30.685Z", "modified": "2019-02-08T07:57:30.685Z", "show": 1, "profile": 15, "role": 7}}, {"model": "shows.showparticipant", "pk": 15, "fields": {"created": "2019-04-14T20:59:02.504Z", "modified": "2019-04-14T20:59:02.504Z", "show": 2, "profile": 16, "role": 2}}, {"model": "shows.showparticipant", "pk": 16, "fields": {"created": "2019-04-14T20:59:02.516Z", "modified": "2019-04-14T20:59:02.516Z", "show": 2, "profile": 4, "role": 2}}, {"model": "shows.showparticipant", "pk": 17, "fields": {"created": "2019-04-14T20:59:02.518Z", "modified": "2019-04-14T20:59:02.518Z", "show": 2, "profile": 2, "role": 2}}, {"model": "shows.showparticipant", "pk": 18, "fields": {"created": "2019-04-14T20:59:02.519Z", "modified": "2019-04-14T20:59:02.519Z", "show": 2, "profile": 14, "role": 2}}, {"model": "shows.showparticipant", "pk": 19, "fields": {"created": "2019-04-14T20:59:02.520Z", "modified": "2019-04-14T20:59:02.520Z", "show": 2, "profile": 13, "role": 2}}, {"model": "shows.showparticipant", "pk": 20, "fields": {"created": "2019-04-14T20:59:02.522Z", "modified": "2019-04-14T20:59:02.522Z", "show": 2, "profile": 18, "role": 2}}, {"model": "shows.showparticipant", "pk": 21, "fields": {"created": "2019-04-14T21:17:35.993Z", "modified": "2019-04-14T21:17:35.993Z", "show": 3, "profile": 19, "role": 6}}, {"model": "shows.showparticipant", "pk": 22, "fields": {"created": "2019-04-14T21:17:35.994Z", "modified": "2019-04-14T21:17:35.994Z", "show": 3, "profile": 5, "role": 2}}, {"model": "shows.showparticipant", "pk": 23, "fields": {"created": "2019-04-14T21:17:35.996Z", "modified": "2019-04-14T21:17:35.996Z", "show": 3, "profile": 14, "role": 2}}, {"model": "shows.showparticipant", "pk": 24, "fields": {"created": "2019-04-14T21:17:35.997Z", "modified": "2019-04-14T21:17:35.997Z", "show": 3, "profile": 4, "role": 2}}, {"model": "shows.showparticipant", "pk": 25, "fields": {"created": "2019-04-14T21:17:35.999Z", "modified": "2019-04-14T21:17:35.999Z", "show": 3, "profile": 20, "role": 3}}, {"model": "shows.showparticipant", "pk": 26, "fields": {"created": "2019-04-14T21:17:36.000Z", "modified": "2019-04-14T21:17:36.000Z", "show": 3, "profile": 21, "role": 2}}, {"model": "shows.showparticipant", "pk": 27, "fields": {"created": "2019-04-14T21:17:36.002Z", "modified": "2019-04-14T21:17:36.002Z", "show": 3, "profile": 23, "role": 2}}, {"model": "shows.showparticipant", "pk": 28, "fields": {"created": "2019-04-14T21:38:57.350Z", "modified": "2019-04-14T21:38:57.350Z", "show": 4, "profile": 4, "role": 2}}, {"model": "shows.showparticipant", "pk": 29, "fields": {"created": "2019-04-14T21:38:57.352Z", "modified": "2019-04-14T21:38:57.352Z", "show": 4, "profile": 18, "role": 2}}, {"model": "shows.showparticipant", "pk": 30, "fields": {"created": "2019-04-14T21:38:57.353Z", "modified": "2019-04-14T21:38:57.353Z", "show": 4, "profile": 5, "role": 2}}, {"model": "shows.showparticipant", "pk": 31, "fields": {"created": "2019-04-14T21:38:57.355Z", "modified": "2019-04-14T21:38:57.355Z", "show": 4, "profile": 14, "role": 2}}, {"model": "shows.showparticipant", "pk": 32, "fields": {"created": "2019-04-14T21:44:12.400Z", "modified": "2019-04-14T21:44:12.400Z", "show": 5, "profile": 1, "role": 2}}, {"model": "shows.showparticipant", "pk": 33, "fields": {"created": "2019-04-14T21:44:12.402Z", "modified": "2019-04-14T21:44:12.402Z", "show": 5, "profile": 2, "role": 2}}, {"model": "shows.showparticipant", "pk": 34, "fields": {"created": "2019-04-14T21:44:12.403Z", "modified": "2019-04-14T21:44:12.403Z", "show": 5, "profile": 3, "role": 2}}, {"model": "shows.showparticipant", "pk": 35, "fields": {"created": "2019-04-14T21:44:12.405Z", "modified": "2019-04-14T21:44:12.405Z", "show": 5, "profile": 4, "role": 2}}, {"model": "shows.showparticipant", "pk": 36, "fields": {"created": "2019-04-14T21:44:12.407Z", "modified": "2019-04-14T21:44:12.407Z", "show": 5, "profile": 13, "role": 2}}, {"model": "shows.showparticipant", "pk": 37, "fields": {"created": "2019-04-14T21:44:12.408Z", "modified": "2019-04-14T21:44:12.408Z", "show": 5, "profile": 20, "role": 2}}, {"model": "shows.showparticipant", "pk": 38, "fields": {"created": "2019-04-14T21:44:12.410Z", "modified": "2019-04-14T21:44:12.410Z", "show": 5, "profile": 5, "role": 2}}, {"model": "shows.showparticipant", "pk": 39, "fields": {"created": "2019-04-14T21:53:02.835Z", "modified": "2019-04-14T21:53:02.835Z", "show": 6, "profile": 18, "role": 2}}, {"model": "shows.showparticipant", "pk": 40, "fields": {"created": "2019-04-14T21:53:02.837Z", "modified": "2019-04-14T21:53:02.837Z", "show": 6, "profile": 5, "role": 2}}, {"model": "shows.showparticipant", "pk": 41, "fields": {"created": "2019-04-14T21:53:02.839Z", "modified": "2019-04-14T21:53:02.839Z", "show": 6, "profile": 14, "role": 2}}, {"model": "shows.showparticipant", "pk": 42, "fields": {"created": "2019-04-14T21:53:02.840Z", "modified": "2019-04-14T21:53:02.840Z", "show": 6, "profile": 24, "role": 6}}, {"model": "shows.showparticipant", "pk": 43, "fields": {"created": "2019-04-14T21:53:02.841Z", "modified": "2019-04-14T21:53:02.841Z", "show": 6, "profile": 2, "role": 3}}, {"model": "shows.showparticipant", "pk": 44, "fields": {"created": "2019-04-14T21:53:02.843Z", "modified": "2019-04-14T21:53:02.843Z", "show": 6, "profile": 13, "role": 3}}, {"model": "shows.showparticipant", "pk": 45, "fields": {"created": "2019-04-14T21:53:02.844Z", "modified": "2019-04-14T21:53:02.844Z", "show": 6, "profile": 8, "role": 5}}, {"model": "shows.showparticipant", "pk": 46, "fields": {"created": "2019-04-14T21:53:02.846Z", "modified": "2019-04-14T21:53:02.846Z", "show": 6, "profile": 7, "role": 5}}, {"model": "shows.showparticipant", "pk": 47, "fields": {"created": "2019-04-14T21:53:02.847Z", "modified": "2019-04-14T21:53:02.847Z", "show": 6, "profile": 15, "role": 7}}, {"model": "shows.showparticipant", "pk": 48, "fields": {"created": "2019-04-14T21:53:02.848Z", "modified": "2019-04-14T21:53:02.849Z", "show": 6, "profile": 25, "role": 2}}, {"model": "shows.showparticipant", "pk": 49, "fields": {"created": "2019-04-14T21:53:02.850Z", "modified": "2019-04-14T21:53:02.850Z", "show": 6, "profile": 26, "role": 2}}, {"model": "shows.showparticipant", "pk": 50, "fields": {"created": "2019-04-14T21:53:02.851Z", "modified": "2019-04-14T21:53:02.852Z", "show": 6, "profile": 27, "role": 2}}, {"model": "shows.showparticipant", "pk": 51, "fields": {"created": "2019-04-14T22:03:35.453Z", "modified": "2019-04-14T22:03:35.453Z", "show": 7, "profile": 2, "role": 2}}, {"model": "shows.showparticipant", "pk": 52, "fields": {"created": "2019-04-14T22:03:35.455Z", "modified": "2019-04-14T22:03:35.455Z", "show": 7, "profile": 3, "role": 2}}, {"model": "shows.showparticipant", "pk": 53, "fields": {"created": "2019-04-14T22:03:35.457Z", "modified": "2019-04-14T22:03:35.457Z", "show": 7, "profile": 4, "role": 2}}, {"model": "shows.showparticipant", "pk": 54, "fields": {"created": "2019-04-14T22:03:35.458Z", "modified": "2019-04-14T22:03:35.458Z", "show": 7, "profile": 18, "role": 2}}, {"model": "shows.showparticipant", "pk": 55, "fields": {"created": "2019-04-14T22:03:35.460Z", "modified": "2019-04-14T22:03:35.460Z", "show": 7, "profile": 28, "role": 2}}, {"model": "shows.showparticipant", "pk": 56, "fields": {"created": "2019-04-14T22:03:35.461Z", "modified": "2019-04-14T22:03:35.461Z", "show": 7, "profile": 14, "role": 2}}, {"model": "shows.showparticipant", "pk": 57, "fields": {"created": "2019-04-14T22:10:46.299Z", "modified": "2019-04-14T22:10:46.299Z", "show": 8, "profile": 2, "role": 2}}, {"model": "shows.showparticipant", "pk": 58, "fields": {"created": "2019-04-14T22:10:46.301Z", "modified": "2019-04-14T22:10:46.301Z", "show": 8, "profile": 14, "role": 2}}, {"model": "shows.showparticipant", "pk": 59, "fields": {"created": "2019-04-14T22:10:46.302Z", "modified": "2019-04-14T22:10:46.302Z", "show": 8, "profile": 4, "role": 2}}, {"model": "shows.showparticipant", "pk": 60, "fields": {"created": "2019-04-14T22:10:46.304Z", "modified": "2019-04-14T22:10:46.304Z", "show": 8, "profile": 29, "role": 2}}, {"model": "shows.showparticipant", "pk": 61, "fields": {"created": "2019-04-14T22:23:26.059Z", "modified": "2019-04-14T22:23:26.060Z", "show": 9, "profile": 2, "role": 2}}, {"model": "shows.showparticipant", "pk": 62, "fields": {"created": "2019-04-14T22:23:26.061Z", "modified": "2019-04-14T22:23:26.061Z", "show": 9, "profile": 16, "role": 2}}, {"model": "shows.showparticipant", "pk": 63, "fields": {"created": "2019-04-14T22:23:26.062Z", "modified": "2019-04-14T22:23:26.063Z", "show": 9, "profile": 5, "role": 2}}, {"model": "shows.showparticipant", "pk": 64, "fields": {"created": "2019-04-14T22:23:26.064Z", "modified": "2019-04-14T22:23:26.064Z", "show": 9, "profile": 18, "role": 2}}, {"model": "shows.showparticipant", "pk": 65, "fields": {"created": "2019-04-14T22:23:26.065Z", "modified": "2019-04-14T22:23:26.065Z", "show": 9, "profile": 3, "role": 2}}, {"model": "shows.showparticipant", "pk": 66, "fields": {"created": "2019-04-14T22:23:26.067Z", "modified": "2019-04-14T22:23:26.067Z", "show": 9, "profile": 14, "role": 2}}, {"model": "shows.showparticipant", "pk": 67, "fields": {"created": "2019-04-14T22:29:35.064Z", "modified": "2019-04-14T22:29:35.064Z", "show": 10, "profile": 3, "role": 2}}, {"model": "shows.showparticipant", "pk": 68, "fields": {"created": "2019-04-14T22:29:35.066Z", "modified": "2019-04-14T22:29:35.066Z", "show": 10, "profile": 4, "role": 2}}, {"model": "shows.showparticipant", "pk": 69, "fields": {"created": "2019-04-14T22:29:35.067Z", "modified": "2019-04-14T22:29:35.067Z", "show": 10, "profile": 28, "role": 2}}, {"model": "shows.showparticipant", "pk": 70, "fields": {"created": "2019-04-14T22:29:35.069Z", "modified": "2019-04-14T22:29:35.069Z", "show": 10, "profile": 30, "role": 2}}, {"model": "shows.showparticipant", "pk": 71, "fields": {"created": "2019-04-14T22:29:35.070Z", "modified": "2019-04-14T22:29:35.070Z", "show": 10, "profile": 31, "role": 2}}, {"model": "shows.showparticipant", "pk": 72, "fields": {"created": "2019-04-14T22:29:35.072Z", "modified": "2019-04-14T22:29:35.072Z", "show": 10, "profile": 32, "role": 2}}, {"model": "shows.showparticipant", "pk": 73, "fields": {"created": "2019-04-14T22:29:35.073Z", "modified": "2019-04-14T22:29:35.073Z", "show": 10, "profile": 14, "role": 6}}, {"model": "shows.showparticipant", "pk": 74, "fields": {"created": "2019-04-14T22:29:35.075Z", "modified": "2019-04-14T22:29:35.075Z", "show": 10, "profile": 33, "role": 8}}, {"model": "shows.showparticipant", "pk": 75, "fields": {"created": "2019-04-14T22:38:29.221Z", "modified": "2019-04-14T22:38:29.221Z", "show": 11, "profile": 34, "role": 6}}, {"model": "shows.showparticipant", "pk": 76, "fields": {"created": "2019-04-14T22:38:29.223Z", "modified": "2019-04-14T22:38:29.223Z", "show": 11, "profile": 35, "role": 2}}, {"model": "shows.showparticipant", "pk": 77, "fields": {"created": "2019-04-15T01:32:36.036Z", "modified": "2019-04-15T01:32:36.036Z", "show": 3, "profile": 22, "role": 2}}, {"model": "shows.showparticipant", "pk": 78, "fields": {"created": "2019-04-15T12:03:56.935Z", "modified": "2019-04-15T12:03:56.935Z", "show": 12, "profile": 3, "role": 2}}, {"model": "shows.showparticipant", "pk": 79, "fields": {"created": "2019-04-15T12:03:56.937Z", "modified": "2019-04-15T12:03:56.937Z", "show": 12, "profile": 5, "role": 2}}, {"model": "shows.showparticipant", "pk": 80, "fields": {"created": "2019-04-15T12:03:56.939Z", "modified": "2019-04-15T12:03:56.939Z", "show": 12, "profile": 4, "role": 2}}, {"model": "shows.showparticipant", "pk": 81, "fields": {"created": "2019-04-15T12:03:56.940Z", "modified": "2019-04-15T12:03:56.940Z", "show": 12, "profile": 34, "role": 8}}, {"model": "shows.showparticipant", "pk": 82, "fields": {"created": "2019-04-15T12:03:56.941Z", "modified": "2019-04-15T12:03:56.941Z", "show": 12, "profile": 28, "role": 2}}, {"model": "shows.showparticipant", "pk": 83, "fields": {"created": "2019-04-15T12:03:56.943Z", "modified": "2019-04-15T12:03:56.943Z", "show": 12, "profile": 37, "role": 2}}, {"model": "shows.showparticipant", "pk": 84, "fields": {"created": "2019-04-15T12:03:56.944Z", "modified": "2019-04-15T12:03:56.944Z", "show": 12, "profile": 36, "role": 2}}, {"model": "shows.showparticipant", "pk": 85, "fields": {"created": "2019-04-15T12:03:56.946Z", "modified": "2019-04-15T12:03:56.946Z", "show": 12, "profile": 38, "role": 6}}, {"model": "shows.showparticipant", "pk": 86, "fields": {"created": "2019-04-15T12:03:56.947Z", "modified": "2019-04-15T12:03:56.947Z", "show": 12, "profile": 15, "role": 7}}, {"model": "shows.showparticipant", "pk": 87, "fields": {"created": "2019-04-15T12:12:30.306Z", "modified": "2019-04-15T12:12:30.306Z", "show": 13, "profile": 9, "role": 6}}, {"model": "shows.showparticipant", "pk": 88, "fields": {"created": "2019-04-15T12:12:30.308Z", "modified": "2019-04-15T12:12:30.308Z", "show": 13, "profile": 39, "role": 8}}, {"model": "shows.showparticipant", "pk": 89, "fields": {"created": "2019-04-15T12:12:30.309Z", "modified": "2019-04-15T12:12:30.309Z", "show": 13, "profile": 5, "role": 2}}, {"model": "shows.showparticipant", "pk": 90, "fields": {"created": "2019-04-15T12:12:30.311Z", "modified": "2019-04-15T12:12:30.311Z", "show": 13, "profile": 16, "role": 2}}, {"model": "shows.showparticipant", "pk": 91, "fields": {"created": "2019-04-15T12:12:30.312Z", "modified": "2019-04-15T12:12:30.312Z", "show": 13, "profile": 3, "role": 2}}, {"model": "shows.showparticipant", "pk": 92, "fields": {"created": "2019-04-15T12:12:30.314Z", "modified": "2019-04-15T12:12:30.314Z", "show": 13, "profile": 40, "role": 2}}, {"model": "shows.showparticipant", "pk": 93, "fields": {"created": "2019-04-15T12:12:30.315Z", "modified": "2019-04-15T12:12:30.316Z", "show": 13, "profile": 42, "role": 2}}, {"model": "shows.showparticipant", "pk": 94, "fields": {"created": "2019-04-15T12:12:30.317Z", "modified": "2019-04-15T12:12:30.317Z", "show": 13, "profile": 41, "role": 2}}, {"model": "shows.showparticipant", "pk": 95, "fields": {"created": "2019-04-15T12:12:30.318Z", "modified": "2019-04-15T12:12:30.318Z", "show": 13, "profile": 14, "role": 7}}, {"model": "shows.showparticipant", "pk": 96, "fields": {"created": "2019-04-15T12:27:59.278Z", "modified": "2019-04-15T12:27:59.278Z", "show": 14, "profile": 5, "role": 2}}, {"model": "shows.showparticipant", "pk": 97, "fields": {"created": "2019-04-15T12:27:59.279Z", "modified": "2019-04-15T12:27:59.279Z", "show": 14, "profile": 43, "role": 2}}, {"model": "shows.showparticipant", "pk": 98, "fields": {"created": "2019-04-15T12:27:59.281Z", "modified": "2019-04-15T12:27:59.281Z", "show": 14, "profile": 14, "role": 2}}, {"model": "shows.showparticipant", "pk": 99, "fields": {"created": "2019-04-15T12:27:59.283Z", "modified": "2019-04-15T12:27:59.283Z", "show": 14, "profile": 44, "role": 2}}, {"model": "shows.showparticipant", "pk": 100, "fields": {"created": "2019-04-15T12:27:59.284Z", "modified": "2019-04-15T12:27:59.284Z", "show": 14, "profile": 45, "role": 2}}, {"model": "shows.showparticipant", "pk": 101, "fields": {"created": "2019-04-15T12:27:59.286Z", "modified": "2019-04-15T12:27:59.286Z", "show": 14, "profile": 46, "role": 2}}, {"model": "shows.showparticipant", "pk": 102, "fields": {"created": "2019-04-15T12:27:59.288Z", "modified": "2019-04-15T12:27:59.288Z", "show": 14, "profile": 34, "role": 6}}, {"model": "shows.showparticipant", "pk": 103, "fields": {"created": "2019-04-15T12:27:59.289Z", "modified": "2019-04-15T12:27:59.289Z", "show": 14, "profile": 8, "role": 8}}, {"model": "shows.showparticipant", "pk": 104, "fields": {"created": "2019-04-15T12:52:50.822Z", "modified": "2019-04-15T12:52:50.822Z", "show": 15, "profile": 14, "role": 2}}, {"model": "shows.showparticipant", "pk": 105, "fields": {"created": "2019-04-15T12:52:50.824Z", "modified": "2019-04-15T12:52:50.824Z", "show": 15, "profile": 4, "role": 2}}, {"model": "shows.showparticipant", "pk": 106, "fields": {"created": "2019-04-15T12:52:50.825Z", "modified": "2019-04-15T12:52:50.825Z", "show": 15, "profile": 5, "role": 2}}, {"model": "shows.showparticipant", "pk": 107, "fields": {"created": "2019-04-15T12:52:50.827Z", "modified": "2019-04-15T12:52:50.827Z", "show": 15, "profile": 16, "role": 2}}, {"model": "shows.showparticipant", "pk": 108, "fields": {"created": "2019-04-15T12:52:50.829Z", "modified": "2019-04-15T12:52:50.829Z", "show": 15, "profile": 29, "role": 2}}, {"model": "shows.showparticipant", "pk": 109, "fields": {"created": "2019-04-15T12:52:50.830Z", "modified": "2019-04-15T12:52:50.830Z", "show": 15, "profile": 43, "role": 2}}, {"model": "shows.showparticipant", "pk": 110, "fields": {"created": "2019-04-15T12:52:50.832Z", "modified": "2019-04-15T12:52:50.832Z", "show": 15, "profile": 47, "role": 2}}, {"model": "shows.showparticipant", "pk": 111, "fields": {"created": "2019-04-15T12:52:50.833Z", "modified": "2019-04-15T12:52:50.833Z", "show": 15, "profile": 48, "role": 2}}, {"model": "shows.showparticipant", "pk": 112, "fields": {"created": "2019-04-15T13:02:53.026Z", "modified": "2019-04-15T13:02:53.026Z", "show": 16, "profile": 16, "role": 2}}, {"model": "shows.showparticipant", "pk": 113, "fields": {"created": "2019-04-15T13:02:53.028Z", "modified": "2019-04-15T13:02:53.028Z", "show": 16, "profile": 29, "role": 2}}, {"model": "shows.showparticipant", "pk": 114, "fields": {"created": "2019-04-15T13:02:53.029Z", "modified": "2019-04-15T13:02:53.029Z", "show": 16, "profile": 5, "role": 2}}, {"model": "shows.showparticipant", "pk": 115, "fields": {"created": "2019-04-15T13:02:53.031Z", "modified": "2019-04-15T13:02:53.031Z", "show": 16, "profile": 4, "role": 2}}, {"model": "shows.showparticipant", "pk": 116, "fields": {"created": "2019-04-15T13:02:53.032Z", "modified": "2019-04-15T13:02:53.032Z", "show": 16, "profile": 14, "role": 2}}, {"model": "shows.showparticipant", "pk": 117, "fields": {"created": "2019-04-15T13:02:53.033Z", "modified": "2019-04-15T13:02:53.033Z", "show": 16, "profile": 43, "role": 2}}, {"model": "shows.showparticipant", "pk": 118, "fields": {"created": "2019-04-15T13:02:53.035Z", "modified": "2019-04-15T13:02:53.035Z", "show": 16, "profile": 47, "role": 2}}, {"model": "shows.showparticipant", "pk": 119, "fields": {"created": "2019-04-15T13:02:53.036Z", "modified": "2019-04-15T13:02:53.036Z", "show": 16, "profile": 48, "role": 2}}, {"model": "shows.showparticipant", "pk": 120, "fields": {"created": "2019-04-15T13:14:57.721Z", "modified": "2019-04-15T13:14:57.721Z", "show": 17, "profile": 49, "role": 2}}, {"model": "shows.showparticipant", "pk": 121, "fields": {"created": "2019-04-15T13:14:57.723Z", "modified": "2019-04-15T13:14:57.723Z", "show": 17, "profile": 16, "role": 2}}, {"model": "shows.showparticipant", "pk": 122, "fields": {"created": "2019-04-15T13:14:57.724Z", "modified": "2019-04-15T13:14:57.724Z", "show": 17, "profile": 4, "role": 2}}, {"model": "shows.showparticipant", "pk": 123, "fields": {"created": "2019-04-15T13:14:57.726Z", "modified": "2019-04-15T13:14:57.726Z", "show": 17, "profile": 9, "role": 2}}, {"model": "shows.showparticipant", "pk": 124, "fields": {"created": "2019-04-15T13:14:57.728Z", "modified": "2019-04-15T13:14:57.728Z", "show": 17, "profile": 7, "role": 2}}, {"model": "shows.showparticipant", "pk": 125, "fields": {"created": "2019-04-15T13:14:57.729Z", "modified": "2019-04-15T13:14:57.729Z", "show": 17, "profile": 50, "role": 2}}, {"model": "shows.showparticipant", "pk": 126, "fields": {"created": "2019-04-15T13:14:57.731Z", "modified": "2019-04-15T13:14:57.731Z", "show": 17, "profile": 14, "role": 6}}, {"model": "shows.showparticipant", "pk": 127, "fields": {"created": "2019-04-15T13:14:57.733Z", "modified": "2019-04-15T13:14:57.733Z", "show": 17, "profile": 51, "role": 7}}, {"model": "shows.showparticipant", "pk": 128, "fields": {"created": "2019-04-15T13:14:57.734Z", "modified": "2019-04-15T13:14:57.734Z", "show": 17, "profile": 34, "role": 8}}, {"model": "shows.showparticipant", "pk": 129, "fields": {"created": "2019-04-15T13:29:49.358Z", "modified": "2019-04-15T13:29:49.358Z", "show": 18, "profile": 51, "role": 7}}, {"model": "shows.showparticipant", "pk": 130, "fields": {"created": "2019-04-15T13:35:07.054Z", "modified": "2019-04-15T13:35:07.054Z", "show": 19, "profile": 43, "role": 2}}, {"model": "shows.showparticipant", "pk": 131, "fields": {"created": "2019-04-15T13:35:07.055Z", "modified": "2019-04-15T13:35:07.056Z", "show": 19, "profile": 14, "role": 2}}, {"model": "shows.showparticipant", "pk": 132, "fields": {"created": "2019-04-15T13:39:30.648Z", "modified": "2019-04-15T13:39:30.648Z", "show": 20, "profile": 3, "role": 2}}, {"model": "shows.showparticipant", "pk": 133, "fields": {"created": "2019-04-15T13:39:30.650Z", "modified": "2019-04-15T13:39:30.650Z", "show": 20, "profile": 16, "role": 2}}, {"model": "shows.showparticipant", "pk": 134, "fields": {"created": "2019-04-15T13:39:30.651Z", "modified": "2019-04-15T13:39:30.651Z", "show": 20, "profile": 52, "role": 2}}, {"model": "shows.showparticipant", "pk": 135, "fields": {"created": "2019-04-15T13:39:30.652Z", "modified": "2019-04-15T13:39:30.652Z", "show": 20, "profile": 5, "role": 2}}, {"model": "shows.showparticipant", "pk": 136, "fields": {"created": "2019-04-15T13:39:30.654Z", "modified": "2019-04-15T13:39:30.654Z", "show": 20, "profile": 53, "role": 2}}, {"model": "shows.showparticipant", "pk": 137, "fields": {"created": "2019-04-15T13:39:30.655Z", "modified": "2019-04-15T13:39:30.655Z", "show": 20, "profile": 15, "role": 7}}, {"model": "shows.showparticipant", "pk": 138, "fields": {"created": "2019-04-15T13:39:30.657Z", "modified": "2019-04-15T13:39:30.657Z", "show": 20, "profile": 54, "role": 7}}, {"model": "shows.showparticipant", "pk": 139, "fields": {"created": "2019-04-15T13:39:30.658Z", "modified": "2019-04-15T13:39:30.658Z", "show": 20, "profile": 55, "role": 7}}, {"model": "shows.showparticipant", "pk": 140, "fields": {"created": "2019-04-15T13:40:32.728Z", "modified": "2019-04-15T13:40:32.728Z", "show": 19, "profile": 55, "role": 7}}, {"model": "shows.showparticipant", "pk": 141, "fields": {"created": "2019-04-15T13:40:32.730Z", "modified": "2019-04-15T13:40:32.730Z", "show": 19, "profile": 54, "role": 7}}, {"model": "shows.showparticipant", "pk": 142, "fields": {"created": "2019-04-15T13:40:32.731Z", "modified": "2019-04-15T13:40:32.731Z", "show": 19, "profile": 15, "role": 7}}, {"model": "shows.showparticipant", "pk": 143, "fields": {"created": "2019-04-15T13:55:18.548Z", "modified": "2019-04-15T13:55:18.548Z", "show": 21, "profile": 5, "role": 8}}, {"model": "shows.showparticipant", "pk": 144, "fields": {"created": "2019-04-15T13:55:18.550Z", "modified": "2019-04-15T13:55:18.550Z", "show": 21, "profile": 43, "role": 2}}, {"model": "shows.showparticipant", "pk": 145, "fields": {"created": "2019-04-15T13:55:18.551Z", "modified": "2019-04-15T13:55:18.551Z", "show": 21, "profile": 16, "role": 2}}, {"model": "shows.showparticipant", "pk": 146, "fields": {"created": "2019-04-15T13:55:18.553Z", "modified": "2019-04-15T13:55:18.553Z", "show": 21, "profile": 14, "role": 2}}, {"model": "shows.showparticipant", "pk": 147, "fields": {"created": "2019-04-15T13:55:18.554Z", "modified": "2019-04-15T13:55:18.554Z", "show": 21, "profile": 56, "role": 2}}, {"model": "shows.showparticipant", "pk": 148, "fields": {"created": "2019-04-15T13:55:18.556Z", "modified": "2019-04-15T13:55:18.556Z", "show": 21, "profile": 57, "role": 2}}, {"model": "shows.showparticipant", "pk": 149, "fields": {"created": "2019-04-15T13:55:18.557Z", "modified": "2019-04-15T13:55:18.557Z", "show": 21, "profile": 58, "role": 2}}, {"model": "shows.showparticipant", "pk": 150, "fields": {"created": "2019-04-15T13:55:18.558Z", "modified": "2019-04-15T22:08:20.170Z", "show": 21, "profile": 29, "role": 9}}, {"model": "shows.showparticipant", "pk": 151, "fields": {"created": "2019-04-15T13:55:18.560Z", "modified": "2019-04-15T22:08:20.172Z", "show": 21, "profile": 49, "role": 10}}, {"model": "shows.showparticipant", "pk": 152, "fields": {"created": "2019-04-15T14:29:11.907Z", "modified": "2019-04-15T14:29:11.907Z", "show": 23, "profile": 14, "role": 6}}, {"model": "shows.showparticipant", "pk": 153, "fields": {"created": "2019-04-15T14:29:11.909Z", "modified": "2019-04-15T14:29:11.909Z", "show": 23, "profile": 59, "role": 2}}, {"model": "shows.showparticipant", "pk": 154, "fields": {"created": "2019-04-15T14:29:11.911Z", "modified": "2019-04-15T14:29:11.911Z", "show": 23, "profile": 60, "role": 2}}, {"model": "shows.showparticipant", "pk": 155, "fields": {"created": "2019-04-15T14:29:11.912Z", "modified": "2019-04-15T14:29:11.912Z", "show": 23, "profile": 61, "role": 2}}, {"model": "shows.showparticipant", "pk": 156, "fields": {"created": "2019-04-15T14:29:11.913Z", "modified": "2019-04-15T14:29:11.913Z", "show": 23, "profile": 43, "role": 2}}, {"model": "shows.showparticipant", "pk": 157, "fields": {"created": "2019-04-15T14:29:11.915Z", "modified": "2019-04-15T14:29:11.915Z", "show": 23, "profile": 3, "role": 2}}, {"model": "shows.showparticipant", "pk": 158, "fields": {"created": "2019-04-15T14:29:11.916Z", "modified": "2019-04-15T14:29:11.916Z", "show": 23, "profile": 4, "role": 2}}, {"model": "shows.showparticipant", "pk": 159, "fields": {"created": "2019-04-15T14:29:11.918Z", "modified": "2019-04-15T14:29:11.918Z", "show": 23, "profile": 62, "role": 8}}, {"model": "shows.showparticipant", "pk": 160, "fields": {"created": "2019-04-15T14:29:11.919Z", "modified": "2019-04-15T14:29:11.919Z", "show": 23, "profile": 63, "role": 7}}, {"model": "shows.showparticipant", "pk": 161, "fields": {"created": "2019-04-15T14:41:25.279Z", "modified": "2019-04-15T14:41:25.279Z", "show": 24, "profile": 4, "role": 2}}, {"model": "shows.showparticipant", "pk": 162, "fields": {"created": "2019-04-15T14:41:25.281Z", "modified": "2019-04-15T14:41:25.281Z", "show": 24, "profile": 28, "role": 2}}, {"model": "shows.showparticipant", "pk": 163, "fields": {"created": "2019-04-15T14:41:25.282Z", "modified": "2019-04-15T14:41:25.282Z", "show": 24, "profile": 49, "role": 2}}, {"model": "shows.showparticipant", "pk": 164, "fields": {"created": "2019-04-15T14:41:25.284Z", "modified": "2019-04-15T14:41:25.284Z", "show": 24, "profile": 14, "role": 6}}, {"model": "shows.showparticipant", "pk": 165, "fields": {"created": "2019-04-15T20:19:35.912Z", "modified": "2019-04-15T20:19:35.912Z", "show": 25, "profile": 43, "role": 2}}, {"model": "shows.showparticipant", "pk": 166, "fields": {"created": "2019-04-15T20:19:35.914Z", "modified": "2019-04-15T20:19:35.914Z", "show": 25, "profile": 16, "role": 2}}, {"model": "shows.showparticipant", "pk": 167, "fields": {"created": "2019-04-15T20:19:35.916Z", "modified": "2019-04-15T20:19:35.916Z", "show": 25, "profile": 4, "role": 2}}, {"model": "shows.showparticipant", "pk": 168, "fields": {"created": "2019-04-15T20:19:35.917Z", "modified": "2019-04-15T20:19:35.917Z", "show": 25, "profile": 64, "role": 2}}, {"model": "shows.showparticipant", "pk": 169, "fields": {"created": "2019-04-15T20:19:35.919Z", "modified": "2019-04-15T20:19:35.919Z", "show": 25, "profile": 65, "role": 2}}, {"model": "shows.showparticipant", "pk": 170, "fields": {"created": "2019-04-15T20:19:35.920Z", "modified": "2019-04-15T20:19:35.920Z", "show": 25, "profile": 66, "role": 3}}, {"model": "shows.showparticipant", "pk": 171, "fields": {"created": "2019-04-15T20:19:35.922Z", "modified": "2019-04-15T20:19:35.922Z", "show": 25, "profile": 34, "role": 6}}, {"model": "shows.showparticipant", "pk": 172, "fields": {"created": "2019-04-15T20:19:35.923Z", "modified": "2019-04-15T20:19:35.923Z", "show": 25, "profile": 61, "role": 8}}, {"model": "shows.showparticipant", "pk": 173, "fields": {"created": "2019-04-15T20:51:05.551Z", "modified": "2019-04-15T20:51:05.551Z", "show": 27, "profile": 4, "role": 2}}, {"model": "shows.showparticipant", "pk": 174, "fields": {"created": "2019-04-15T20:51:05.553Z", "modified": "2019-04-15T20:51:05.553Z", "show": 27, "profile": 3, "role": 2}}, {"model": "shows.showparticipant", "pk": 175, "fields": {"created": "2019-04-15T20:51:05.554Z", "modified": "2019-04-15T20:51:05.554Z", "show": 27, "profile": 5, "role": 2}}, {"model": "shows.showparticipant", "pk": 176, "fields": {"created": "2019-04-15T20:51:05.556Z", "modified": "2019-04-15T20:51:05.556Z", "show": 27, "profile": 52, "role": 2}}, {"model": "shows.showparticipant", "pk": 177, "fields": {"created": "2019-04-15T20:51:05.557Z", "modified": "2019-04-15T20:51:05.557Z", "show": 27, "profile": 47, "role": 2}}, {"model": "shows.showparticipant", "pk": 178, "fields": {"created": "2019-04-15T20:51:05.559Z", "modified": "2019-04-15T20:51:05.559Z", "show": 27, "profile": 49, "role": 2}}, {"model": "shows.showparticipant", "pk": 179, "fields": {"created": "2019-04-15T20:51:05.560Z", "modified": "2019-04-15T20:51:05.560Z", "show": 27, "profile": 14, "role": 2}}, {"model": "shows.showparticipant", "pk": 180, "fields": {"created": "2019-04-15T20:55:56.134Z", "modified": "2019-04-15T20:55:56.134Z", "show": 28, "profile": 48, "role": 2}}, {"model": "shows.showparticipant", "pk": 181, "fields": {"created": "2019-04-15T20:55:56.135Z", "modified": "2019-04-15T20:55:56.136Z", "show": 28, "profile": 47, "role": 2}}, {"model": "shows.showparticipant", "pk": 182, "fields": {"created": "2019-04-15T20:55:56.137Z", "modified": "2019-04-15T20:55:56.137Z", "show": 28, "profile": 53, "role": 2}}, {"model": "shows.showparticipant", "pk": 183, "fields": {"created": "2019-04-15T20:55:56.138Z", "modified": "2019-04-15T20:55:56.138Z", "show": 28, "profile": 5, "role": 2}}, {"model": "shows.showparticipant", "pk": 184, "fields": {"created": "2019-04-15T20:55:56.140Z", "modified": "2019-04-15T20:55:56.140Z", "show": 28, "profile": 14, "role": 2}}, {"model": "shows.showparticipant", "pk": 185, "fields": {"created": "2019-04-15T20:55:56.141Z", "modified": "2019-04-15T20:55:56.141Z", "show": 28, "profile": 4, "role": 8}}, {"model": "shows.showparticipant", "pk": 186, "fields": {"created": "2019-04-15T20:55:56.142Z", "modified": "2019-04-15T20:55:56.142Z", "show": 28, "profile": 55, "role": 7}}, {"model": "shows.showparticipant", "pk": 187, "fields": {"created": "2019-04-15T21:26:06.080Z", "modified": "2019-04-15T21:26:06.080Z", "show": 29, "profile": 4, "role": 2}}, {"model": "shows.showparticipant", "pk": 188, "fields": {"created": "2019-04-15T21:26:06.082Z", "modified": "2019-04-15T21:26:06.082Z", "show": 29, "profile": 43, "role": 2}}, {"model": "shows.showparticipant", "pk": 189, "fields": {"created": "2019-04-15T21:26:06.084Z", "modified": "2019-04-15T21:26:06.084Z", "show": 29, "profile": 5, "role": 2}}, {"model": "shows.showparticipant", "pk": 190, "fields": {"created": "2019-04-15T21:26:06.086Z", "modified": "2019-04-15T21:26:06.086Z", "show": 29, "profile": 67, "role": 2}}, {"model": "shows.showparticipant", "pk": 191, "fields": {"created": "2019-04-15T21:26:06.088Z", "modified": "2019-04-15T21:26:06.088Z", "show": 29, "profile": 14, "role": 8}}, {"model": "shows.showparticipant", "pk": 192, "fields": {"created": "2019-04-15T21:26:06.089Z", "modified": "2019-04-15T21:26:06.089Z", "show": 29, "profile": 49, "role": 2}}, {"model": "shows.showparticipant", "pk": 193, "fields": {"created": "2019-04-15T21:26:06.091Z", "modified": "2019-04-15T21:26:06.091Z", "show": 29, "profile": 3, "role": 2}}, {"model": "shows.showparticipant", "pk": 194, "fields": {"created": "2019-04-15T21:42:19.427Z", "modified": "2019-04-15T21:42:19.427Z", "show": 30, "profile": 70, "role": 2}}, {"model": "shows.showparticipant", "pk": 195, "fields": {"created": "2019-04-15T21:42:19.429Z", "modified": "2019-04-15T21:42:19.429Z", "show": 30, "profile": 69, "role": 2}}, {"model": "shows.showparticipant", "pk": 196, "fields": {"created": "2019-04-15T21:42:19.430Z", "modified": "2019-04-15T21:42:19.430Z", "show": 30, "profile": 68, "role": 2}}, {"model": "shows.showparticipant", "pk": 197, "fields": {"created": "2019-04-15T21:42:19.431Z", "modified": "2019-04-15T21:42:19.431Z", "show": 30, "profile": 71, "role": 6}}, {"model": "shows.showparticipant", "pk": 198, "fields": {"created": "2019-04-15T21:42:19.433Z", "modified": "2019-04-15T21:42:19.433Z", "show": 30, "profile": 72, "role": 8}}, {"model": "shows.showparticipant", "pk": 199, "fields": {"created": "2019-04-15T21:42:19.434Z", "modified": "2019-04-15T21:42:19.434Z", "show": 30, "profile": 49, "role": 2}}, {"model": "shows.showparticipant", "pk": 200, "fields": {"created": "2019-04-15T21:42:19.435Z", "modified": "2019-04-15T21:42:19.435Z", "show": 30, "profile": 67, "role": 2}}, {"model": "shows.showparticipant", "pk": 201, "fields": {"created": "2019-04-15T21:42:19.437Z", "modified": "2019-04-15T21:42:19.437Z", "show": 30, "profile": 29, "role": 2}}, {"model": "shows.showparticipant", "pk": 202, "fields": {"created": "2019-04-15T21:42:19.438Z", "modified": "2019-04-15T21:42:19.438Z", "show": 30, "profile": 52, "role": 3}}, {"model": "shows.showrole", "pk": 2, "fields": {"name": "Herec", "created": "2019-02-08T07:50:54.178Z", "modified": "2019-02-08T07:50:54.178Z"}}, {"model": "shows.showrole", "pk": 3, "fields": {"name": "Pomocn\u00fd rozhod\u010d\u00ed", "created": "2019-02-08T07:51:10.570Z", "modified": "2019-02-08T07:51:10.570Z"}}, {"model": "shows.showrole", "pk": 4, "fields": {"name": "Support", "created": "2019-02-08T07:51:44.566Z", "modified": "2019-02-08T07:51:44.566Z"}}, {"model": "shows.showrole", "pk": 5, "fields": {"name": "Sportovn\u00ed koment\u00e1tor", "created": "2019-02-08T07:53:25.231Z", "modified": "2019-02-08T07:53:25.231Z"}}, {"model": "shows.showrole", "pk": 6, "fields": {"name": "Hlavn\u00ed rozhod\u010d\u00ed", "created": "2019-02-08T07:54:33.764Z", "modified": "2019-02-08T07:54:33.764Z"}}, {"model": "shows.showrole", "pk": 7, "fields": {"name": "Hudebn\u00edk", "created": "2019-02-08T07:57:28.690Z", "modified": "2019-02-08T07:57:28.690Z"}}, {"model": "shows.showrole", "pk": 8, "fields": {"name": "Konferenci\u00e9r", "created": "2019-04-14T22:29:30.229Z", "modified": "2019-04-14T22:29:30.229Z"}}, {"model": "shows.showrole", "pk": 9, "fields": {"name": "\u010clen odborn\u00e9 poroty", "created": "2019-04-15T22:07:54.855Z", "modified": "2019-04-15T22:07:54.856Z"}}, {"model": "shows.showrole", "pk": 10, "fields": {"name": "\u010clen odborn\u00e9 poroty", "created": "2019-04-15T22:08:15.242Z", "modified": "2019-04-15T22:08:15.242Z"}}, {"model": "shows.showtype", "pk": 1, "fields": {"description": "Dva impro t\u00fdmy proti sob\u011b, p\u0159edstaven\u00ed p\u0159ipom\u00edn\u00e1 mal\u00fd hokejov\u00fd z\u00e1pas. Div\u00e1ci zad\u00e1vaj\u00ed t\u00e9mata a po ka\u017ed\u00e9 h\u0159e hlasuj\u00ed kter\u00fd t\u00fdm se jim l\u00edbil v\u00edce. Na m\u00edst\u011b je rozhod\u010d\u00ed, kter\u00fd kontroluje dodr\u017eov\u00e1n\u00ed improviza\u010dn\u00edch pravidel podle \u010cesk\u00e9 improviza\u010dn\u00ed ligy. V\u00edt\u011bz m\u016f\u017ee b\u00fdt jenom jeden.\r\n\r\n* Celove\u010dern\u00ed\r\n* 3 - 4 herci za ka\u017ed\u00fd t\u00fdm", "name": "Improviza\u010dn\u00ed z\u00e1pas", "created": "2019-02-08T07:46:01.871Z", "modified": "2019-02-08T07:46:01.871Z", "visibility": 2}}, {"model": "shows.showtype", "pk": 2, "fields": {"description": "P\u0159\u00edb\u011bhy, kter\u00e9 vzniknou n\u011bkde mezi modrou sf\u00e9rou a r\u00e1diov\u00fdm \u00e9terem bez jak\u00e9hokoliv dop\u0159edu vymy\u0161len\u00e9ho sc\u00e9n\u00e1\u0159e a voln\u011b p\u0159ejdou do na\u0161eho sv\u011bta za pomoci reproduktor\u016f.\r\n\r\n* 45 minut - 75 minut\r\n* 3 herci", "name": "Rozhlasov\u00e1 hra", "created": "2019-02-08T07:46:15.079Z", "modified": "2019-02-08T07:46:15.079Z", "visibility": 2}}, {"model": "shows.showtype", "pk": 3, "fields": {"description": "Voln\u00e9, tematick\u00e9 a nebo na m\u00edru zahran\u00e9 impro p\u0159edstaven\u00ed slo\u017een\u00e9 z kr\u00e1tk\u00fdch p\u0159\u00edb\u011bh\u016f inspirovan\u00fdch t\u00e9maty od div\u00e1k\u016f, cel\u00fdm ve\u010derem prov\u00e1z\u00ed konferenci\u00e9r. Pohyb, poezie, zp\u011bv? \u017d\u00e1dn\u00fd probl\u00e9m.\r\n\r\n* 30 - 240 minut\r\n* 3 - 6 herc\u016f", "name": "Improshow", "created": "2019-02-08T07:46:23.908Z", "modified": "2019-02-08T07:46:23.908Z", "visibility": 2}}, {"model": "shows.showtype", "pk": 4, "fields": {"description": "Improvizovan\u00e9 ve\u010dern\u00ed zpr\u00e1vy typick\u00e9 televizn\u00ed stanice. Div\u00e1ci zad\u00e1vaj\u00ed v\u011bty, kter\u00e9 slou\u017e\u00ed jako inspirace pro v\u0161echny report\u00e1\u017ee. Hraj\u00ed dva herci, ale uvid\u00edte mnoho postav. Dynamick\u00e9\r\n\r\n* 30 - 60 minut\r\n* 2 herci", "name": "\u00dapln\u011b oby\u010dejn\u00e9 zpr\u00e1vy", "created": "2019-02-08T07:46:33.178Z", "modified": "2019-02-08T07:46:33.178Z", "visibility": 2}}, {"model": "shows.showtype", "pk": 5, "fields": {"description": "T\u0159i r\u016fzn\u00e9 p\u0159\u00edb\u011bhy rozd\u011blen\u00e9 na t\u0159i \u010d\u00e1sti v jednom motelov\u00e9m pokoji. Herci mezi jednotliv\u00fdmi \u010d\u00e1stmi posouvaj\u00ed p\u0159\u00edb\u011bh samostatn\u00fdmi vstupy. Hraje 6 hr\u00e1\u010d\u016f, v\u017edy dva do ka\u017ed\u00e9ho p\u0159\u00edb\u011bhu.\r\n\r\n* 45 - 60 minut\r\n* 6 herc\u016f", "name": "Motel", "created": "2019-02-08T07:46:41.293Z", "modified": "2019-02-08T07:46:41.293Z", "visibility": 2}}, {"model": "shows.showtype", "pk": 6, "fields": {"description": "-", "name": "Ostrov, kter\u00fd jsem p\u0159ehl\u00edd", "created": "2019-04-14T21:40:29.079Z", "modified": "2019-04-14T21:40:29.079Z", "visibility": 2}}, {"model": "shows.showtype", "pk": 7, "fields": {"description": "Sout\u011b\u017e", "name": "Slovensk\u00e1 Improliga", "created": "2019-04-15T14:11:17.424Z", "modified": "2019-04-15T14:11:17.424Z", "visibility": 2}}, {"model": "theatre_sports.contestantgroup", "pk": 1, "fields": {"contestant_type": 1, "band": 1, "color": "#199638", "match": 1, "players": [1, 2, 5]}}, {"model": "theatre_sports.contestantgroup", "pk": 2, "fields": {"contestant_type": 2, "band": 2, "color": "#AD2323", "match": 1, "players": [6, 10, 11]}}, {"model": "theatre_sports.contestantgroup", "pk": 3, "fields": {"contestant_type": 1, "band": 3, "color": "#CCCCCC", "match": 2, "players": [26, 27, 77]}}, {"model": "theatre_sports.contestantgroup", "pk": 4, "fields": {"contestant_type": 2, "band": 1, "color": "#CCCCCC", "match": 2, "players": [5, 23, 24]}}, {"model": "theatre_sports.foultype", "pk": 1, "fields": {"description": "Br\u00e1n\u011bn\u00ed ve h\u0159e t\u00e9\u017e blokov\u00e1n\u00ed hry je faul p\u00edsk\u00e1n v p\u0159\u00edpad\u011b, pokud hr\u00e1\u010d neguje nab\u00eddku sv\u00e9ho spoluhr\u00e1\u010de p\u0159\u00edpadn\u011b pokud jej v\u00fdrazn\u011b manipuluje. Dal\u0161\u00edm p\u0159\u00edpadem je, pokud spoluhr\u00e1\u010di zamez\u00ed mo\u017enost se projevovat nebo pohybovat.", "name": "Br\u00e1n\u011bn\u00ed ve h\u0159e", "created": "2019-02-08T07:28:28.839Z", "modified": "2019-02-08T07:28:28.839Z", "visibility": 2}}, {"model": "theatre_sports.foultype", "pk": 2, "fields": {"description": "Pokud hr\u00e1\u010d opakuje ji\u017e faulovan\u00e9 chov\u00e1n\u00ed, m\u016f\u017ee rozhod\u010d\u00ed p\u00edskat hrubou chybu. V p\u0159\u00edpad\u011b d\u00e1le stup\u0148ovan\u00e9ho opakovan\u00e9ho chybov\u00e1n\u00ed m\u016f\u017ee rozhod\u010d\u00ed hr\u00e1\u010de vylou\u010dit z n\u00e1sleduj\u00edc\u00ed kategorie/kategori\u00ed.", "name": "Hrub\u00e1 chyba", "created": "2019-02-08T07:28:38.176Z", "modified": "2019-02-08T07:28:38.176Z", "visibility": 2}}, {"model": "theatre_sports.foultype", "pk": 3, "fields": {"description": "Pokud je v improvizaci pou\u017eito jm\u00e9no \u0161irokou ve\u0159ejnost\u00ed zn\u00e1m\u00e9 zna\u010dky, osobnosti, kni\u017en\u00ed nebo filmov\u00e9 postavy, citace z filmu apod., m\u011bl by b\u00fdt p\u00edsknut faul Kli\u0161\u00e9. Obecn\u011b se do tohoto v\u00fd\u010dtu po\u010d\u00edtaj\u00ed jak\u00e9koliv reference na zn\u00e1m\u00e9 v\u011bci. V z\u00e1pasov\u00fdch kategori\u00ed je pou\u017e\u00edv\u00e1n\u00ed kli\u0161\u00e9 zak\u00e1z\u00e1no a p\u00edsk\u00e1no jako faul, proto\u017ee ve h\u0159e odkazuje na v\u011bci mimo hru a st\u00e1v\u00e1 se vtipem, kter\u00fd hru rozb\u00edj\u00ed, m\u00edsto, aby ji rozv\u00edjel.\r\n\r\nV\u00fdjimkou z tohoto pravidla jsou n\u00e1zvy improligov\u00fdch t\u00fdm\u016f a n\u00e1zvy zem\u00ed.", "name": "Kli\u0161\u00e9", "created": "2019-02-08T07:28:50.027Z", "modified": "2019-02-08T07:28:50.027Z", "visibility": 2}}, {"model": "theatre_sports.foultype", "pk": 4, "fields": {"description": "Hr\u00e1\u010d poru\u0161il stanoven\u00e1 pravidla kategorie a nebo do\u0161lo k \u00fapln\u00e9mu opu\u0161t\u011bn\u00ed t\u00e9matu improvizace. Tento faul se nej\u010dast\u011bji objevuje v kategorii Smrt v 1 minut\u011b, kdy\u017e jedna postava nezem\u0159e po 60 vte\u0159in\u00e1ch, p\u0159\u00edpadn\u011b ve St\u00edha\u010dce, za\u010dnou li hr\u00e1\u010di hr\u00e1t je\u0161t\u011b p\u0159ed p\u00edsknut\u00edm.", "name": "Mimo r\u00e1mec", "created": "2019-02-08T07:29:00.781Z", "modified": "2019-02-08T07:29:00.781Z", "visibility": 2}}, {"model": "theatre_sports.foultype", "pk": 5, "fields": {"description": "Pokud nen\u00ed dohodnuto jinak a nebo nem\u00e1 kategorie, ve kter\u00e9 se sc\u00e9nka hraje, vlastn\u00ed pravidla o rekvizit\u00e1ch, jsou na z\u00e1pasech povoleny pouze n\u00e1sleduj\u00edc\u00ed v\u011bci pro pou\u017eit\u00ed v improvizaci:\r\n\r\n* vlastn\u00ed t\u011blo\r\n* tri\u010dko nebo t\u00fdmov\u00fd dres\r\n* ostatn\u00ed hr\u00e1\u010di, kte\u0159\u00ed nejsou v postav\u011b\r\n\r\nV moment\u011b, kdy hr\u00e1\u010d pou\u017eije jak\u00fdkoliv jin\u00fd objekt jako rekvizitu, je na m\u00edst\u011b tento faul", "name": "Nepovolen\u00e1 rekvizita", "created": "2019-02-08T07:29:22.591Z", "modified": "2019-02-08T07:29:28.255Z", "visibility": 2}}, {"model": "theatre_sports.foultype", "pk": 6, "fields": {"description": "Hr\u00e1\u010d \u010di t\u00fdm nedodr\u017euj\u00ed pravidla kategorie \u010di ducha improvizace, a nelze to postihnout jinak.", "name": "Nepovolen\u00fd postup", "created": "2019-02-08T07:29:32.554Z", "modified": "2019-02-08T07:29:32.554Z", "visibility": 2}}, {"model": "theatre_sports.foultype", "pk": 7, "fields": {"description": "O nepozornost se jedn\u00e1, pokud hr\u00e1\u010d ignoruje vstup nov\u00fdch postav na p\u00f3dium, nehraje s informacemi, kter\u00e9 padly (v\u010detn\u011b jmen postav), nebo pokud na sc\u00e9n\u011b vl\u00e1dne obecn\u00e9 neporozum\u011bn\u00ed.", "name": "Nepozornost", "created": "2019-02-08T07:29:40.013Z", "modified": "2019-02-08T07:29:40.013Z", "visibility": 2}}, {"model": "theatre_sports.foultype", "pk": 8, "fields": {"description": "Pokud situace v rozehran\u00e9 improvizaci nen\u00ed jasn\u00e1, je na m\u00edst\u011b faul Nep\u0159ehlednost hry. Zpravidla takov\u00e9 situace vznikaj\u00ed t\u00edm, \u017ee hr\u00e1\u010di vytvo\u0159\u00ed zbyte\u010dn\u011b komplikovan\u00fd p\u0159\u00edb\u011bh nebo prost\u0159ed\u00ed a nebo dojde k vz\u00e1jemn\u00e9mu nepochopen\u00ed.", "name": "Nep\u0159ehlednost hry", "created": "2019-02-08T07:29:47.119Z", "modified": "2019-02-08T07:29:47.119Z", "visibility": 2}}, {"model": "theatre_sports.foultype", "pk": 9, "fields": {"description": "Faul nerespektov\u00e1n\u00ed postavy p\u00edsk\u00e1 rozhod\u010d\u00ed, pokud n\u011bkter\u00fd hr\u00e1\u010d jedn\u00e1 s jinou postavou v rozporu s t\u00edm, co o jeho postav\u011b v\u00edme. Nej\u010dast\u011bji se jedn\u00e1 o zapomenut\u00ed jm\u00e9na \u010di rodinn\u00e9ho stavu. D\u00e1le v p\u0159\u00edpad\u011b, \u017ee mu\u017e hraje \u017eenu a naopak.", "name": "Nerespektov\u00e1n\u00ed postavy", "created": "2019-02-08T07:29:57.983Z", "modified": "2019-02-08T07:29:57.983Z", "visibility": 2}}, {"model": "theatre_sports.foultype", "pk": 10, "fields": {"description": "Pod nevhodn\u00e9 chov\u00e1n\u00ed se daj\u00ed zahrnout rozli\u010dn\u00e9 chyby proti dobr\u00e9mu duchu improvizace, zejm\u00e9na pak pou\u017e\u00edv\u00e1n\u00ed sprost\u00fdch a vulg\u00e1rn\u00edch term\u00edn\u016f, nadbyte\u010dn\u00e9 ur\u00e1\u017een\u00ed t\u00fdmu protivn\u00edka, neust\u00e1l\u00e9 odmlouv\u00e1n\u00ed hlavn\u00edmu rozhod\u010d\u00edmu, apod. D\u00e1le sem pat\u0159\u00ed i opakovan\u00e9 stup\u0148ovan\u00e9 \u0161a\u0161kov\u00e1n\u00ed.", "name": "Nevhodn\u00e9 chov\u00e1n\u00ed", "created": "2019-02-08T07:30:06.621Z", "modified": "2019-02-08T07:30:06.621Z", "visibility": 2}}, {"model": "theatre_sports.foultype", "pk": 11, "fields": {"description": "Hr\u00e1\u010d blokuje ostatn\u00ed spoluhr\u00e1\u010de t\u00edm, \u017ee se sna\u017e\u00ed protla\u010dit si vlastn\u00ed zp\u016fsob rozvoje p\u0159\u00edb\u011bhu a nebo je omezuje akcemi svoj\u00ed postavy nap\u0159. rozkazov\u00e1n\u00edm a nebo odm\u00edt\u00e1n\u00edm.", "name": "N\u00e1tlak (faul)", "created": "2019-02-08T07:30:19.566Z", "modified": "2019-02-08T07:30:19.566Z", "visibility": 2}}, {"model": "theatre_sports.foultype", "pk": 12, "fields": {"description": "Pokud sc\u00e9nka v\u00e1zne, je na m\u00edst\u011b p\u00edsknout faul plynulost hry. Takov\u00e1 situace m\u016f\u017ee nastat, pokud se p\u0159\u00edb\u011bh nikam dlouho neposune, co\u017e m\u016f\u017ee b\u00fdt zap\u0159\u00ed\u010din\u011bno v\u00edce faktory.\r\n\r\n* hr\u00e1\u010di nenastoup\u00ed v\u010das do kategorie\r\n* postavy se pouze dohaduj\u00ed\r\n* nen\u00ed definov\u00e1n improviza\u010dn\u00ed trojzubec", "name": "Plynulost hry", "created": "2019-02-08T07:30:40.282Z", "modified": "2019-02-08T07:30:40.282Z", "visibility": 2}}, {"model": "theatre_sports.foultype", "pk": 13, "fields": {"description": "Pokud vznikne situace, kdy je na sc\u00e9n\u011b o dva a v\u00edce hr\u00e1\u010d\u016f z jednoho t\u00fdmu v\u00edc ne\u017e z druh\u00e9ho jedn\u00e1 se o p\u0159e\u010d\u00edslen\u00ed. Jeden t\u00fdm toti\u017e ub\u00edr\u00e1 prostor tomu druh\u00e9mu a vytv\u00e1\u0159\u00ed tak nerovn\u00e9 podm\u00ednky. Tento faul se nep\u00edsk\u00e1 v kategori\u00edch porovn\u00e1vac\u00edch", "name": "P\u0159e\u010d\u00edslen\u00ed", "created": "2019-02-08T07:30:47.761Z", "modified": "2019-02-08T07:30:47.761Z", "visibility": 2}}, {"model": "theatre_sports.foultype", "pk": 14, "fields": {"description": "Faul vypadnut\u00ed z role p\u00edsk\u00e1 rozhod\u010d\u00ed zejm\u00e9na ve chv\u00edli, kdy se hr\u00e1\u010d odbour\u00e1 - rozesm\u011bje, nebo pokud zm\u011bn\u00ed svoji postavu p\u0159\u00edli\u0161 razantn\u00edm a pro d\u011bj naru\u0161uj\u00edc\u00edm zp\u016fsobem.", "name": "Vypadnut\u00ed z role", "created": "2019-02-08T07:30:57.623Z", "modified": "2019-02-08T07:30:57.623Z", "visibility": 2}}, {"model": "theatre_sports.foultype", "pk": 15, "fields": {"description": "Hr\u00e1\u010d m\u016f\u017ee b\u00fdt v z\u00e1pase varov\u00e1n p\u0159ed opakov\u00e1n\u00edm n\u011bjak\u00e9 chyby. P\u0159i dal\u0161\u00edm opakov\u00e1n\u00ed se pak m\u016f\u017ee p\u00edskat v\u00fdstraha n\u00e1sledovan\u00e1 nap\u0159. vylou\u010den\u00edm z dal\u0161\u00ed kategorie.", "name": "V\u00fdstraha", "created": "2019-02-08T07:31:07.454Z", "modified": "2019-02-08T07:31:07.454Z", "visibility": 2}}, {"model": "theatre_sports.foultype", "pk": 16, "fields": {"description": "Hr\u00e1\u010d se sna\u017e\u00ed b\u00fdt vtipn\u011bj\u0161\u00ed na \u00fakor ostatn\u00edch a sklouz\u00e1v\u00e1 k trapn\u00fdm kli\u0161\u00e9 nebo gag\u016fm, kter\u00e9 neposouvaj\u00ed d\u011bj, p\u0159\u00edpadn\u011b nabour\u00e1v\u00e1 d\u011bj jednor\u00e1zov\u00fdmi f\u00f3rky.", "name": "\u0160a\u0161kov\u00e1n\u00ed", "created": "2019-02-08T07:31:16.139Z", "modified": "2019-02-08T07:31:16.139Z", "visibility": 2}}, {"model": "theatre_sports.foul", "pk": 2, "fields": {"created": "2019-02-08T18:58:51.158Z", "modified": "2019-02-08T18:58:51.158Z", "contestant_group": 1, "game": 3, "player": null, "foul_type": 12, "comment": ""}}, {"model": "theatre_sports.foul", "pk": 3, "fields": {"created": "2019-02-08T18:58:59.199Z", "modified": "2019-02-08T18:58:59.199Z", "contestant_group": 2, "game": 3, "player": null, "foul_type": 12, "comment": ""}}, {"model": "theatre_sports.foul", "pk": 4, "fields": {"created": "2019-02-08T19:11:33.693Z", "modified": "2019-02-08T19:11:33.693Z", "contestant_group": 1, "game": 4, "player": 5, "foul_type": 3, "comment": ""}}, {"model": "theatre_sports.foul", "pk": 5, "fields": {"created": "2019-02-08T19:12:00.211Z", "modified": "2019-02-08T19:12:00.211Z", "contestant_group": 2, "game": 4, "player": 10, "foul_type": 12, "comment": ""}}, {"model": "theatre_sports.foul", "pk": 6, "fields": {"created": "2019-02-08T19:13:02.354Z", "modified": "2019-02-08T19:13:02.354Z", "contestant_group": 1, "game": 4, "player": null, "foul_type": 8, "comment": ""}}, {"model": "theatre_sports.foul", "pk": 7, "fields": {"created": "2019-02-08T19:13:10.401Z", "modified": "2019-02-08T19:13:10.401Z", "contestant_group": 2, "game": 4, "player": null, "foul_type": 8, "comment": ""}}, {"model": "theatre_sports.foul", "pk": 8, "fields": {"created": "2019-02-08T19:32:32.701Z", "modified": "2019-02-08T19:32:32.701Z", "contestant_group": 2, "game": 6, "player": 6, "foul_type": 3, "comment": ""}}, {"model": "theatre_sports.foul", "pk": 9, "fields": {"created": "2019-02-08T20:19:47.601Z", "modified": "2019-02-08T20:19:47.601Z", "contestant_group": 1, "game": 7, "player": 2, "foul_type": 14, "comment": ""}}, {"model": "theatre_sports.foul", "pk": 10, "fields": {"created": "2019-02-08T20:19:54.377Z", "modified": "2019-02-08T20:19:54.377Z", "contestant_group": 1, "game": 7, "player": 2, "foul_type": 4, "comment": ""}}, {"model": "theatre_sports.foul", "pk": 11, "fields": {"created": "2019-02-08T20:20:00.142Z", "modified": "2019-02-08T20:20:00.147Z", "contestant_group": 1, "game": 7, "player": 2, "foul_type": 14, "comment": ""}}, {"model": "theatre_sports.foul", "pk": 12, "fields": {"created": "2019-02-08T20:21:06.243Z", "modified": "2019-02-08T20:21:06.243Z", "contestant_group": 1, "game": 7, "player": 2, "foul_type": 3, "comment": ""}}, {"model": "theatre_sports.foul", "pk": 13, "fields": {"created": "2019-02-08T20:24:47.966Z", "modified": "2019-02-08T20:24:47.966Z", "contestant_group": 1, "game": 8, "player": null, "foul_type": 2, "comment": ""}}, {"model": "theatre_sports.foul", "pk": 14, "fields": {"created": "2019-02-08T20:41:28.435Z", "modified": "2019-02-08T20:41:28.435Z", "contestant_group": 2, "game": 8, "player": 10, "foul_type": 4, "comment": ""}}, {"model": "theatre_sports.foul", "pk": 15, "fields": {"created": "2019-02-08T20:41:36.145Z", "modified": "2019-02-08T20:41:36.145Z", "contestant_group": 2, "game": 8, "player": 6, "foul_type": 4, "comment": ""}}, {"model": "theatre_sports.foul", "pk": 16, "fields": {"created": "2019-02-08T20:55:59.244Z", "modified": "2019-02-08T20:55:59.244Z", "contestant_group": 1, "game": 9, "player": null, "foul_type": 3, "comment": ""}}, {"model": "theatre_sports.foul", "pk": 17, "fields": {"created": "2019-02-08T20:56:31.734Z", "modified": "2019-02-08T20:56:31.734Z", "contestant_group": 2, "game": 9, "player": null, "foul_type": 2, "comment": ""}}, {"model": "theatre_sports.match", "pk": 1, "fields": {"show": 1, "closed": true}}, {"model": "theatre_sports.match", "pk": 2, "fields": {"show": 3, "closed": false}}, {"model": "theatre_sports.matchstage", "pk": 13, "fields": {"created": "2019-02-08T18:38:57.447Z", "modified": "2019-02-08T18:38:57.447Z", "match": 1, "game": null, "type": 2, "inspirations": []}}, {"model": "theatre_sports.matchstage", "pk": 14, "fields": {"created": "2019-02-08T18:49:44.379Z", "modified": "2019-02-08T18:50:38.757Z", "match": 1, "game": 3, "type": 3, "inspirations": [55]}}, {"model": "theatre_sports.matchstage", "pk": 15, "fields": {"created": "2019-02-08T18:51:41.348Z", "modified": "2019-02-08T18:51:41.348Z", "match": 1, "game": 3, "type": 4, "inspirations": [55]}}, {"model": "theatre_sports.matchstage", "pk": 16, "fields": {"created": "2019-02-08T18:59:03.584Z", "modified": "2019-02-08T18:59:03.584Z", "match": 1, "game": 3, "type": 6, "inspirations": [55]}}, {"model": "theatre_sports.matchstage", "pk": 17, "fields": {"created": "2019-02-08T18:59:55.276Z", "modified": "2019-02-08T19:00:17.549Z", "match": 1, "game": 4, "type": 3, "inspirations": [95]}}, {"model": "theatre_sports.matchstage", "pk": 18, "fields": {"created": "2019-02-08T19:01:17.898Z", "modified": "2019-02-08T19:01:17.898Z", "match": 1, "game": 4, "type": 4, "inspirations": [95]}}, {"model": "theatre_sports.matchstage", "pk": 19, "fields": {"created": "2019-02-08T19:10:50.449Z", "modified": "2019-02-08T19:10:50.449Z", "match": 1, "game": 4, "type": 6, "inspirations": [95]}}, {"model": "theatre_sports.matchstage", "pk": 20, "fields": {"created": "2019-02-08T19:14:03.755Z", "modified": "2019-02-08T19:14:15.443Z", "match": 1, "game": 5, "type": 3, "inspirations": [88]}}, {"model": "theatre_sports.matchstage", "pk": 21, "fields": {"created": "2019-02-08T19:16:25.444Z", "modified": "2019-02-08T19:19:55.946Z", "match": 1, "game": 5, "type": 4, "inspirations": [88, 129, 130]}}, {"model": "theatre_sports.matchstage", "pk": 22, "fields": {"created": "2019-02-08T19:18:58.058Z", "modified": "2019-02-08T19:19:24.279Z", "match": 1, "game": 5, "type": 6, "inspirations": [88, 129, 130]}}, {"model": "theatre_sports.matchstage", "pk": 23, "fields": {"created": "2019-02-08T19:20:21.955Z", "modified": "2019-02-08T19:20:43.014Z", "match": 1, "game": 6, "type": 3, "inspirations": []}}, {"model": "theatre_sports.matchstage", "pk": 24, "fields": {"created": "2019-02-08T19:22:29.333Z", "modified": "2019-02-08T19:22:29.333Z", "match": 1, "game": 6, "type": 4, "inspirations": []}}, {"model": "theatre_sports.matchstage", "pk": 25, "fields": {"created": "2019-02-08T19:32:19.020Z", "modified": "2019-02-08T19:32:22.541Z", "match": 1, "game": 6, "type": 6, "inspirations": [135]}}, {"model": "theatre_sports.matchstage", "pk": 26, "fields": {"created": "2019-02-08T19:33:31.466Z", "modified": "2019-02-08T19:33:31.466Z", "match": 1, "game": null, "type": 3, "inspirations": []}}, {"model": "theatre_sports.matchstage", "pk": 27, "fields": {"created": "2019-02-08T19:35:08.719Z", "modified": "2019-02-08T19:35:08.719Z", "match": 1, "game": null, "type": 7, "inspirations": []}}, {"model": "theatre_sports.matchstage", "pk": 28, "fields": {"created": "2019-02-08T19:35:12.535Z", "modified": "2019-02-08T19:35:12.535Z", "match": 1, "game": null, "type": 7, "inspirations": []}}, {"model": "theatre_sports.matchstage", "pk": 29, "fields": {"created": "2019-02-08T20:01:42.654Z", "modified": "2019-02-08T20:01:42.654Z", "match": 1, "game": null, "type": 3, "inspirations": []}}, {"model": "theatre_sports.matchstage", "pk": 30, "fields": {"created": "2019-02-08T20:04:32.950Z", "modified": "2019-02-08T20:04:32.950Z", "match": 1, "game": null, "type": 3, "inspirations": []}}, {"model": "theatre_sports.matchstage", "pk": 31, "fields": {"created": "2019-02-08T20:04:41.267Z", "modified": "2019-02-08T20:04:41.267Z", "match": 1, "game": null, "type": 3, "inspirations": []}}, {"model": "theatre_sports.matchstage", "pk": 32, "fields": {"created": "2019-02-08T20:04:44.539Z", "modified": "2019-02-08T20:04:44.540Z", "match": 1, "game": null, "type": 3, "inspirations": []}}, {"model": "theatre_sports.matchstage", "pk": 33, "fields": {"created": "2019-02-08T20:04:46.364Z", "modified": "2019-02-08T20:04:46.364Z", "match": 1, "game": null, "type": 3, "inspirations": []}}, {"model": "theatre_sports.matchstage", "pk": 34, "fields": {"created": "2019-02-08T20:04:49.109Z", "modified": "2019-02-08T20:04:49.109Z", "match": 1, "game": null, "type": 3, "inspirations": []}}, {"model": "theatre_sports.matchstage", "pk": 35, "fields": {"created": "2019-02-08T20:04:50.004Z", "modified": "2019-02-08T20:04:50.004Z", "match": 1, "game": null, "type": 3, "inspirations": []}}, {"model": "theatre_sports.matchstage", "pk": 36, "fields": {"created": "2019-02-08T20:04:50.727Z", "modified": "2019-02-08T20:04:50.727Z", "match": 1, "game": null, "type": 3, "inspirations": []}}, {"model": "theatre_sports.matchstage", "pk": 37, "fields": {"created": "2019-02-08T20:04:51.284Z", "modified": "2019-02-08T20:04:51.284Z", "match": 1, "game": null, "type": 3, "inspirations": []}}, {"model": "theatre_sports.matchstage", "pk": 38, "fields": {"created": "2019-02-08T20:04:51.906Z", "modified": "2019-02-08T20:04:51.906Z", "match": 1, "game": null, "type": 3, "inspirations": []}}, {"model": "theatre_sports.matchstage", "pk": 39, "fields": {"created": "2019-02-08T20:04:52.407Z", "modified": "2019-02-08T20:04:52.407Z", "match": 1, "game": null, "type": 3, "inspirations": []}}, {"model": "theatre_sports.matchstage", "pk": 40, "fields": {"created": "2019-02-08T20:04:52.909Z", "modified": "2019-02-08T20:04:52.909Z", "match": 1, "game": null, "type": 3, "inspirations": []}}, {"model": "theatre_sports.matchstage", "pk": 41, "fields": {"created": "2019-02-08T20:04:53.146Z", "modified": "2019-02-08T20:04:53.146Z", "match": 1, "game": null, "type": 3, "inspirations": []}}, {"model": "theatre_sports.matchstage", "pk": 42, "fields": {"created": "2019-02-08T20:04:53.325Z", "modified": "2019-02-08T20:04:53.325Z", "match": 1, "game": null, "type": 3, "inspirations": []}}, {"model": "theatre_sports.matchstage", "pk": 43, "fields": {"created": "2019-02-08T20:04:53.514Z", "modified": "2019-02-08T20:04:53.514Z", "match": 1, "game": null, "type": 3, "inspirations": []}}, {"model": "theatre_sports.matchstage", "pk": 44, "fields": {"created": "2019-02-08T20:04:53.711Z", "modified": "2019-02-08T20:04:53.711Z", "match": 1, "game": null, "type": 3, "inspirations": []}}, {"model": "theatre_sports.matchstage", "pk": 45, "fields": {"created": "2019-02-08T20:04:54.469Z", "modified": "2019-02-08T20:04:54.469Z", "match": 1, "game": null, "type": 3, "inspirations": []}}, {"model": "theatre_sports.matchstage", "pk": 46, "fields": {"created": "2019-02-08T20:04:56.492Z", "modified": "2019-02-08T20:04:56.492Z", "match": 1, "game": null, "type": 3, "inspirations": []}}, {"model": "theatre_sports.matchstage", "pk": 47, "fields": {"created": "2019-02-08T20:04:57.953Z", "modified": "2019-02-08T20:04:57.953Z", "match": 1, "game": null, "type": 3, "inspirations": []}}, {"model": "theatre_sports.matchstage", "pk": 48, "fields": {"created": "2019-02-08T20:04:58.328Z", "modified": "2019-02-08T20:04:58.328Z", "match": 1, "game": null, "type": 3, "inspirations": []}}, {"model": "theatre_sports.matchstage", "pk": 49, "fields": {"created": "2019-02-08T20:04:58.483Z", "modified": "2019-02-08T20:04:58.483Z", "match": 1, "game": null, "type": 3, "inspirations": []}}, {"model": "theatre_sports.matchstage", "pk": 50, "fields": {"created": "2019-02-08T20:04:58.655Z", "modified": "2019-02-08T20:04:58.655Z", "match": 1, "game": null, "type": 3, "inspirations": []}}, {"model": "theatre_sports.matchstage", "pk": 51, "fields": {"created": "2019-02-08T20:04:58.848Z", "modified": "2019-02-08T20:04:58.848Z", "match": 1, "game": null, "type": 3, "inspirations": []}}, {"model": "theatre_sports.matchstage", "pk": 52, "fields": {"created": "2019-02-08T20:04:59.021Z", "modified": "2019-02-08T20:04:59.021Z", "match": 1, "game": null, "type": 3, "inspirations": []}}, {"model": "theatre_sports.matchstage", "pk": 53, "fields": {"created": "2019-02-08T20:04:59.220Z", "modified": "2019-02-08T20:04:59.220Z", "match": 1, "game": null, "type": 3, "inspirations": []}}, {"model": "theatre_sports.matchstage", "pk": 54, "fields": {"created": "2019-02-08T20:05:38.560Z", "modified": "2019-02-08T20:06:31.535Z", "match": 1, "game": 7, "type": 3, "inspirations": [137]}}, {"model": "theatre_sports.matchstage", "pk": 55, "fields": {"created": "2019-02-08T20:07:11.532Z", "modified": "2019-02-08T20:07:11.532Z", "match": 1, "game": 7, "type": 4, "inspirations": [137]}}, {"model": "theatre_sports.matchstage", "pk": 56, "fields": {"created": "2019-02-08T20:18:24.111Z", "modified": "2019-02-08T20:18:24.111Z", "match": 1, "game": 7, "type": 6, "inspirations": [137]}}, {"model": "theatre_sports.matchstage", "pk": 57, "fields": {"created": "2019-02-08T20:21:15.056Z", "modified": "2019-02-08T20:21:47.776Z", "match": 1, "game": 8, "type": 3, "inspirations": [105]}}, {"model": "theatre_sports.matchstage", "pk": 58, "fields": {"created": "2019-02-08T20:25:06.741Z", "modified": "2019-02-08T20:25:06.741Z", "match": 1, "game": 8, "type": 4, "inspirations": [105]}}, {"model": "theatre_sports.matchstage", "pk": 59, "fields": {"created": "2019-02-08T20:41:42.556Z", "modified": "2019-02-08T20:41:42.556Z", "match": 1, "game": 8, "type": 6, "inspirations": [105]}}, {"model": "theatre_sports.matchstage", "pk": 60, "fields": {"created": "2019-02-08T20:43:21.493Z", "modified": "2019-02-08T20:43:54.045Z", "match": 1, "game": 9, "type": 3, "inspirations": [19]}}, {"model": "theatre_sports.matchstage", "pk": 61, "fields": {"created": "2019-02-08T20:45:51.959Z", "modified": "2019-02-08T20:45:51.959Z", "match": 1, "game": 9, "type": 4, "inspirations": [19]}}, {"model": "theatre_sports.matchstage", "pk": 62, "fields": {"created": "2019-02-08T20:55:26.988Z", "modified": "2019-02-08T20:55:26.988Z", "match": 1, "game": 9, "type": 6, "inspirations": [19]}}, {"model": "theatre_sports.matchstage", "pk": 63, "fields": {"created": "2019-02-08T20:57:26.047Z", "modified": "2019-02-08T20:57:26.047Z", "match": 1, "game": null, "type": 3, "inspirations": []}}, {"model": "theatre_sports.matchstage", "pk": 64, "fields": {"created": "2019-02-08T20:57:36.744Z", "modified": "2019-02-08T20:57:36.744Z", "match": 1, "game": null, "type": 8, "inspirations": []}}, {"model": "theatre_sports.scorepoint", "pk": 3, "fields": {"created": "2019-02-08T18:59:44.903Z", "modified": "2019-02-08T18:59:44.903Z", "contestant_group": 2, "game": 3}}, {"model": "theatre_sports.scorepoint", "pk": 4, "fields": {"created": "2019-02-08T19:13:55.946Z", "modified": "2019-02-08T19:13:55.946Z", "contestant_group": 2, "game": 4}}, {"model": "theatre_sports.scorepoint", "pk": 5, "fields": {"created": "2019-02-08T19:20:07.762Z", "modified": "2019-02-08T19:20:07.762Z", "contestant_group": 1, "game": 5}}, {"model": "theatre_sports.scorepoint", "pk": 6, "fields": {"created": "2019-02-08T19:33:27.824Z", "modified": "2019-02-08T19:33:27.824Z", "contestant_group": 2, "game": 6}}, {"model": "theatre_sports.scorepoint", "pk": 7, "fields": {"created": "2019-02-08T20:20:50.719Z", "modified": "2019-02-08T20:20:50.719Z", "contestant_group": 1, "game": 7}}, {"model": "theatre_sports.scorepoint", "pk": 8, "fields": {"created": "2019-02-08T20:43:15.326Z", "modified": "2019-02-08T20:43:15.326Z", "contestant_group": 1, "game": 8}}, {"model": "theatre_sports.scorepoint", "pk": 9, "fields": {"created": "2019-02-08T20:57:19.252Z", "modified": "2019-02-08T20:57:19.252Z", "contestant_group": 1, "game": 9}}]